timestamp,timestamp_sample,q[0],q[1],q[2],q[3],delta_q_reset[0],delta_q_reset[1],delta_q_reset[2],delta_q_reset[3],quat_reset_counter
192424546,192424125,0.99963295,0.011312275,0.022981392,-0.008827306,-0.28187245,2.6112106e-09,5.5163135e-10,-0.959452,3
192429777,192429361,0.999633,0.011323625,0.022971695,-0.008832957,-0.28187245,2.6112106e-09,5.5163135e-10,-0.959452,3
192472368,192471867,0.9996332,0.011333551,0.022958463,-0.008836791,-0.28187245,2.6112106e-09,5.5163135e-10,-0.959452,3
192525490,192525031,0.99963176,0.011357322,0.022986399,-0.00889008,-0.28187245,2.6112106e-09,5.5163135e-10,-0.959452,3
192573242,192572810,0.9996313,0.011400157,0.022986773,-0.008894345,-0.28187245,2.6112106e-09,5.5163135e-10,-0.959452,3
192626352,192625938,0.99963135,0.011378388,0.022994233,-0.008898496,-0.28187245,2.6112106e-09,5.5163135e-10,-0.959452,3
192674191,192673771,0.99963075,0.011391381,0.023002826,-0.008924034,-0.28187245,2.6112106e-09,5.5163135e-10,-0.959452,3
192721973,192721550,0.99963135,0.0113945,0.022971908,-0.00892912,-0.28187245,2.6112106e-09,5.5163135e-10,-0.959452,3
192775144,192774720,0.9996307,0.011405936,0.0229769,-0.008970601,-0.28187245,2.6112106e-09,5.5163135e-10,-0.959452,3
192823007,192822527,0.99963146,0.011410214,0.022947796,-0.008954627,-0.28187245,2.6112106e-09,5.5163135e-10,-0.959452,3
192876077,192875640,0.99963135,0.011411022,0.022951068,-0.008962483,-0.28187245,2.6112106e-09,5.5163135e-10,-0.959452,3
192923802,192923387,0.9996319,0.011445182,0.02293283,-0.008904052,-0.28187245,2.6112106e-09,5.5163135e-10,-0.959452,3
192976955,192976518,0.999631,0.011434509,0.022939792,-0.008997537,-0.28187245,2.6112106e-09,5.5163135e-10,-0.959452,3
193024831,193024334,0.99963385,0.011408406,0.022922935,-0.008747649,-0.28187245,2.6112106e-09,5.5163135e-10,-0.959452,3
193072629,193072155,0.999632,0.011417916,0.02295607,-0.008862311,-0.28187245,2.6112106e-09,5.5163135e-10,-0.959452,3
193125792,193125308,0.9996325,0.011399656,0.02289346,-0.008993686,-0.28187245,2.6112106e-09,5.5163135e-10,-0.959452,3
193173521,193173072,0.999634,0.01140809,0.022883687,-0.008831721,-0.28187245,2.6112106e-09,5.5163135e-10,-0.959452,3
193226664,193226209,0.99963415,0.011376885,0.022854513,-0.008938002,-0.28187245,2.6112106e-09,5.5163135e-10,-0.959452,3
193274496,193274027,0.99963415,0.01135944,0.022825735,-0.009039311,-0.28187245,2.6112106e-09,5.5163135e-10,-0.959452,3
193327593,193327174,0.99963534,0.011360309,0.022819689,-0.008909963,-0.28187245,2.6112106e-09,5.5163135e-10,-0.959452,3
193375414,193375002,0.9996358,0.011310483,0.022817904,-0.008935322,-0.28187245,2.6112106e-09,5.5163135e-10,-0.959452,3
193423168,193422756,0.9996349,0.011307039,0.022822225,-0.009030034,-0.28187245,2.6112106e-09,5.5163135e-10,-0.959452,3
193476321,193475917,0.9996364,0.011281046,0.022814406,-0.008913627,-0.28187245,2.6112106e-09,5.5163135e-10,-0.959452,3
193524176,193523769,0.99963766,0.011295398,0.022753932,-0.0089119375,-0.28187245,2.6112106e-09,5.5163135e-10,-0.959452,3
193571908,193571488,0.9996379,0.011274722,0.022722524,-0.00898765,-0.28187245,2.6112106e-09,5.5163135e-10,-0.959452,3
193625078,193624676,0.99964017,0.011243278,0.02265996,-0.0089210095,-0.28187245,2.6112106e-09,5.5163135e-10,-0.959452,3
193678261,193677821,0.9996408,0.011206252,0.02265479,-0.008915978,-0.28187245,2.6112106e-09,5.5163135e-10,-0.959452,3
193726082,193725589,0.99964225,0.011177304,0.022604294,-0.008921032,-0.28187245,2.6112106e-09,5.5163135e-10,-0.959452,3
193773791,193773384,0.99964345,0.0111516705,0.022561966,-0.008918118,-0.28187245,2.6112106e-09,5.5163135e-10,-0.959452,3
193826957,193826511,0.9996448,0.011114531,0.022528451,-0.008895436,-0.28187245,2.6112106e-09,5.5163135e-10,-0.959452,3
193874726,193874293,0.99964464,0.011134433,0.022515511,-0.008932416,-0.28187245,2.6112106e-09,5.5163135e-10,-0.959452,3
193922599,193922185,0.99964577,0.011090752,0.022483703,-0.008940103,-0.28187245,2.6112106e-09,5.5163135e-10,-0.959452,3
193970427,193969982,0.99964535,0.011053368,0.022528738,-0.008921861,-0.28187245,2.6112106e-09,5.5163135e-10,-0.959452,3
194023527,194023074,0.9996463,0.011039641,0.022491349,-0.008918954,-0.28187245,2.6112106e-09,5.5163135e-10,-0.959452,3
194076587,194076182,0.9996502,0.010973326,0.0223557,-0.008912767,-0.28187245,2.6112106e-09,5.5163135e-10,-0.959452,3
194124429,194124024,0.9996488,0.010998643,0.022419192,-0.008864801,-0.28187245,2.6112106e-09,5.5163135e-10,-0.959452,3
194177552,194177148,0.99965,0.010964702,0.022410903,-0.008807179,-0.28187245,2.6112106e-09,5.5163135e-10,-0.959452,3
194225388,194224981,0.9996495,0.010975294,0.022407593,-0.008848885,-0.28187245,2.6112106e-09,5.5163135e-10,-0.959452,3
194273175,194272731,0.9996513,0.010922322,0.022361733,-0.008825553,-0.28187245,2.6112106e-09,5.5163135e-10,-0.959452,3
194320974,194320562,0.9996514,0.010994926,0.02232594,-0.0088179195,-0.28187245,2.6112106e-09,5.5163135e-10,-0.959452,3
194374050,194373641,0.99965215,0.010986709,0.022364495,-0.008655109,-0.28187245,2.6112106e-09,5.5163135e-10,-0.959452,3
194421907,194421485,0.99965394,0.010924269,0.022323467,-0.008624504,-0.28187245,2.6112106e-09,5.5163135e-10,-0.959452,3
194475077,194474640,0.9996531,0.0108707985,0.022312837,-0.008809361,-0.28187245,2.6112106e-09,5.5163135e-10,-0.959452,3
194528131,194527719,0.9996546,0.010841578,0.022309242,-0.00868838,-0.28187245,2.6112106e-09,5.5163135e-10,-0.959452,3
194575956,194575516,0.99965864,0.010706247,0.022219628,-0.008618607,-0.28187245,2.6112106e-09,5.5163135e-10,-0.959452,3
194623802,194623353,0.9996565,0.010802872,0.02230536,-0.008525628,-0.28187245,2.6112106e-09,5.5163135e-10,-0.959452,3
194671636,194671183,0.99965906,0.010828976,0.02226159,-0.008301341,-0.28187245,2.6112106e-09,5.5163135e-10,-0.959452,3
194724733,194724310,0.99965644,0.010781762,0.022300657,-0.008579514,-0.28187245,2.6112106e-09,5.5163135e-10,-0.959452,3
194772571,194772167,0.9996529,0.010773378,0.02245526,-0.008584886,-0.28187245,2.6112106e-09,5.5163135e-10,-0.959452,3
194825642,194825239,0.9996571,0.01078865,0.022324972,-0.00842518,-0.28187245,2.6112106e-09,5.5163135e-10,-0.959452,3
194873452,194873000,0.99965626,0.010548372,0.022467883,-0.008443695,-0.28187245,2.6112106e-09,5.5163135e-10,-0.959452,3
194926626,194926179,0.999658,0.010534423,0.02244317,-0.008322271,-0.28187245,2.6112106e-09,5.5163135e-10,-0.959452,3
194974364,194973959,0.99966425,0.01036389,0.02235991,-0.007998917,-0.28187245,2.6112106e-09,5.5163135e-10,-0.959452,3
195022230,195021819,0.99966943,0.01014663,0.022263968,-0.007900725,-0.28187245,2.6112106e-09,5.5163135e-10,-0.959452,3
195075326,195074920,0.99966604,0.009969635,0.022461949,-0.008003188,-0.28187245,2.6112106e-09,5.5163135e-10,-0.959452,3
195123139,195122735,0.9996668,0.009604149,0.022628292,-0.007878496,-0.28187245,2.6112106e-09,5.5163135e-10,-0.959452,3
195170953,195170531,0.9996584,0.009666177,0.023069799,-0.0075826347,-0.28187245,2.6112106e-09,5.5163135e-10,-0.959452,3
195224017,195223604,0.99964434,0.009281054,0.024096629,-0.006673242,-0.28187245,2.6112106e-09,5.5163135e-10,-0.959452,3
195277240,195276817,0.9996176,0.00854643,0.025481544,-0.0065013743,-0.28187245,2.6112106e-09,5.5163135e-10,-0.959452,3
195325019,195324612,0.99956244,0.007996293,0.027675286,-0.006714825,-0.28187245,2.6112106e-09,5.5163135e-10,-0.959452,3
195372932,195372437,0.9994903,0.007282855,0.030332077,-0.006794939,-0.28187245,2.6112106e-09,5.5163135e-10,-0.959452,3
195425962,195425550,0.99942684,0.0043085394,0.032993395,-0.0062469523,-0.28187245,2.6112106e-09,5.5163135e-10,-0.959452,3
195473734,195473289,0.99936366,0.00012297535,0.035325456,-0.0049407138,-0.28187245,2.6112106e-09,5.5163135e-10,-0.959452,3
195521533,195521126,0.9992484,-0.003985411,0.03848633,-0.0023894822,-0.28187245,2.6112106e-09,5.5163135e-10,-0.959452,3
195574709,195574301,0.999088,-0.00945128,0.04158696,0.0021253154,-0.28187245,2.6112106e-09,5.5163135e-10,-0.959452,3
195622427,195622023,0.99898475,-0.015454943,0.041827787,0.006413047,-0.28187245,2.6112106e-09,5.5163135e-10,-0.959452,3
195675600,195675194,0.9991155,-0.016529463,0.037636355,0.00886523,-0.28187245,2.6112106e-09,5.5163135e-10,-0.959452,3
195723418,195723011,0.9994671,-0.011746,0.029117161,0.008943449,-0.28187245,2.6112106e-09,5.5163135e-10,-0.959452,3
195776532,195776125,0.99982595,-0.003872,0.016485138,0.007838753,-0.28187245,2.6112106e-09,5.5163135e-10,-0.959452,3
195824378,195823958,0.99995494,0.0032170606,0.0058291787,0.006770665,-0.28187245,2.6112106e-09,5.5163135e-10,-0.959452,3
195872173,195871761,0.99994826,0.0078054126,-0.0018944013,0.0062554153,-0.28187245,2.6112106e-09,5.5163135e-10,-0.959452,3
195925381,195924941,0.9999397,0.007801686,-0.005742384,0.0051773274,-0.28187245,2.6112106e-09,5.5163135e-10,-0.959452,3
195973071,195972641,0.9999372,0.008304,-0.006614522,0.0035936553,-0.28187245,2.6112106e-09,5.5163135e-10,-0.959452,3
196026232,196025829,0.9999095,0.012200156,-0.0055393353,0.0012664804,-0.28187245,2.6112106e-09,5.5163135e-10,-0.959452,3
196074049,196073567,0.9999006,0.013558697,-0.0037880605,-0.0008170978,-0.28187245,2.6112106e-09,5.5163135e-10,-0.959452,3
196127190,196126723,0.9998815,0.014370668,-0.005103623,-0.0021075262,-0.28187245,2.6112106e-09,5.5163135e-10,-0.959452,3
196174926,196174518,0.9998033,0.018058535,-0.0075905626,-0.003110665,-0.28187245,2.6112106e-09,5.5163135e-10,-0.959452,3
196217473,196217023,0.9997201,0.021245347,-0.009731726,-0.0036949012,-0.28187245,2.6112106e-09,5.5163135e-10,-0.959452,3
196275927,196275517,0.9996323,0.022927161,-0.013563953,-0.005067489,-0.28187245,2.6112106e-09,5.5163135e-10,-0.959452,3
196323668,196323264,0.9996077,0.022749651,-0.01510862,-0.0062240907,-0.28187245,2.6112106e-09,5.5163135e-10,-0.959452,3
196371496,196371089,0.9995893,0.023512878,-0.014662533,-0.007310281,-0.28187245,2.6112106e-09,5.5163135e-10,-0.959452,3
196424624,196424217,0.9996347,0.022689773,-0.012147144,-0.008249337,-0.28187245,2.6112106e-09,5.5163135e-10,-0.959452,3
196477772,196477347,0.99972045,0.019336546,-0.009704179,-0.0095460415,-0.28187245,2.6112106e-09,5.5163135e-10,-0.959452,3
196525558,196525151,0.9997555,0.017646007,-0.007534334,-0.010993431,-0.28187245,2.6112106e-09,5.5163135e-10,-0.959452,3
196573382,196572973,0.99974114,0.01809248,-0.005383511,-0.012704752,-0.28187245,2.6112106e-09,5.5163135e-10,-0.959452,3
196626515,196626084,0.99972427,0.018052064,-0.004474344,-0.014333215,-0.28187245,2.6112106e-09,5.5163135e-10,-0.959452,3
196674409,196673947,0.99975467,0.015055541,-0.0049567292,-0.015472802,-0.28187245,2.6112106e-09,5.5163135e-10,-0.959452,3
196722087,196721673,0.99973696,0.014414552,-0.0061230366,-0.016756976,-0.28187245,2.6112106e-09,5.5163135e-10,-0.959452,3
196775253,196774819,0.9997111,0.012954709,-0.008669099,-0.018298198,-0.28187245,2.6112106e-09,5.5163135e-10,-0.959452,3
196823093,196822616,0.99968153,0.011261317,-0.010909228,-0.019773182,-0.28187245,2.6112106e-09,5.5163135e-10,-0.959452,3
196876191,196875769,0.999641,0.0116698835,-0.010951836,-0.021491993,-0.28187245,2.6112106e-09,5.5163135e-10,-0.959452,3
196923975,196923558,0.9996522,0.0108116595,-0.008541299,-0.022485359,-0.28187245,2.6112106e-09,5.5163135e-10,-0.959452,3
196977122,196976714,0.9996788,0.008469659,-0.0056164498,-0.023220902,-0.28187245,2.6112106e-09,5.5163135e-10,-0.959452,3
197024940,197024518,0.99967104,0.00816698,-0.0037094466,-0.02402933,-0.28187245,2.6112106e-09,5.5163135e-10,-0.959452,3
197072737,197072332,0.99965,0.008502174,-0.0031153152,-0.02486047,-0.28187245,2.6112106e-09,5.5163135e-10,-0.959452,3
197120563,197120150,0.9996339,0.007837467,-0.0044103847,-0.025521195,-0.28187245,2.6112106e-09,5.5163135e-10,-0.959452,3
197173689,197173287,0.9996086,0.0074064983,-0.006256631,-0.026244171,-0.28187245,2.6112106e-09,5.5163135e-10,-0.959452,3
197226783,197226374,0.99959165,0.008394388,-0.005845781,-0.026684687,-0.28187245,2.6112106e-09,5.5163135e-10,-0.959452,3
197274627,197274174,0.9996159,0.007576659,-0.003539719,-0.026423905,-0.28187245,2.6112106e-09,5.5163135e-10,-0.959452,3
197327793,197327335,0.9996464,0.0056365165,-0.00046040423,-0.02598083,-0.28187245,2.6112106e-09,5.5163135e-10,-0.959452,3
197375597,197375155,0.99964386,0.005698306,0.0014808306,-0.026030945,-0.28187245,2.6112106e-09,5.5163135e-10,-0.959452,3
197423360,197422941,0.9996395,0.006562786,0.0016032917,-0.025983913,-0.28187245,2.6112106e-09,5.5163135e-10,-0.959452,3
197471162,197470759,0.99965465,0.0058862823,-0.00033516975,-0.025609449,-0.28187245,2.6112106e-09,5.5163135e-10,-0.959452,3
197524337,197523927,0.99966174,0.004958795,-0.0031662479,-0.025335379,-0.28187245,2.6112106e-09,5.5163135e-10,-0.959452,3
197572130,197571671,0.9996583,0.005821651,-0.003980306,-0.0251727,-0.28187245,2.6112106e-09,5.5163135e-10,-0.959452,3
197625264,197624844,0.9996658,0.007182394,-0.0023224838,-0.024727378,-0.28187245,2.6112106e-09,5.5163135e-10,-0.959452,3
197678344,197677918,0.99969214,0.0062050913,0.0010280539,-0.024001282,-0.28187245,2.6112106e-09,5.5163135e-10,-0.959452,3
197726132,197725716,0.99970263,0.005300174,0.0035149523,-0.0235413,-0.28187245,2.6112106e-09,5.5163135e-10,-0.959452,3
197773932,197773519,0.99970096,0.006605015,0.004176937,-0.02317313,-0.28187245,2.6112106e-09,5.5163135e-10,-0.959452,3
197821817,197821358,0.9997072,0.007514727,0.0026462341,-0.022848038,-0.28187245,2.6112106e-09,5.5163135e-10,-0.959452,3
197874923,197874485,0.99971944,0.006689082,-0.0004685317,-0.022716444,-0.28187245,2.6112106e-09,5.5163135e-10,-0.959452,3
197922690,197922280,0.9997099,0.007589235,-0.0023835436,-0.02273437,-0.28187245,2.6112106e-09,5.5163135e-10,-0.959452,3
197975863,197975452,0.99970657,0.008977797,-0.0017098825,-0.022433428,-0.28187245,2.6112106e-09,5.5163135e-10,-0.959452,3
198023630,198023224,0.9997272,0.008275714,0.0007103669,-0.021832518,-0.28187245,2.6112106e-09,5.5163135e-10,-0.959452,3
198076817,198076381,0.9997479,0.0066775307,0.0032641343,-0.02119065,-0.28187245,2.6112106e-09,5.5163135e-10,-0.959452,3
198124536,198124126,0.99974793,0.007198705,0.0041724346,-0.020853875,-0.28187245,2.6112106e-09,5.5163135e-10,-0.959452,3
198172384,198171959,0.9997444,0.00853539,0.0032633038,-0.020677445,-0.28187245,2.6112106e-09,5.5163135e-10,-0.959452,3
198225536,198225099,0.999749,0.008228648,0.00095033087,-0.020819845,-0.28187245,2.6112106e-09,5.5163135e-10,-0.959452,3
198273360,198272920,0.99974394,0.008023162,-0.0011406852,-0.021128511,-0.28187245,2.6112106e-09,5.5163135e-10,-0.959452,3
198321125,198320688,0.999727,0.009613182,-0.0014250069,-0.021247126,-0.28187245,2.6112106e-09,5.5163135e-10,-0.959452,3
198374228,198373815,0.99972636,0.010187811,0.0010563048,-0.021032918,-0.28187245,2.6112106e-09,5.5163135e-10,-0.959452,3
198427355,198426944,0.99974406,0.008564293,0.004438805,-0.02046485,-0.28187245,2.6112106e-09,5.5163135e-10,-0.959452,3
198475179,198474731,0.9997415,0.008044498,0.0065631624,-0.020225417,-0.28187245,2.6112106e-09,5.5163135e-10,-0.959452,3
198523010,198522557,0.99973,0.009160063,0.0068811756,-0.020220762,-0.28187245,2.6112106e-09,5.5163135e-10,-0.959452,3
198576069,198575666,0.99974185,0.009831942,0.004806599,-0.019909618,-0.28187245,2.6112106e-09,5.5163135e-10,-0.959452,3
198623929,198623512,0.9997648,0.008834259,0.0024979748,-0.019652147,-0.28187245,2.6112106e-09,5.5163135e-10,-0.959452,3
198671783,198671350,0.99977326,0.0077211624,0.0017436041,-0.019766869,-0.28187245,2.6112106e-09,5.5163135e-10,-0.959452,3
198724808,198724405,0.99976,0.008447002,0.0028142584,-0.020021224,-0.28187245,2.6112106e-09,5.5163135e-10,-0.959452,3
198772715,198772289,0.9997298,0.010103427,0.0045739478,-0.0204271,-0.28187245,2.6112106e-09,5.5163135e-10,-0.959452,3
198825785,198825362,0.9997243,0.01071626,0.0045052464,-0.02040112,-0.28187245,2.6112106e-09,5.5163135e-10,-0.959452,3
198873559,198873155,0.9997508,0.009277271,0.002558024,-0.020143583,-0.28187245,2.6112106e-09,5.5163135e-10,-0.959452,3
198926738,198926302,0.9997736,0.006930272,0.000535548,-0.020107288,-0.28187245,2.6112106e-09,5.5163135e-10,-0.959452,3
198974533,198974096,0.99976975,0.0068385242,0.0006828216,-0.020330703,-0.28187245,2.6112106e-09,5.5163135e-10,-0.959452,3
199022396,199021916,0.999743,0.008510365,0.002998186,-0.020797832,-0.28187245,2.6112106e-09,5.5163135e-10,-0.959452,3
199075455,199075007,0.9997151,0.010030118,0.005011193,-0.021074314,-0.28187245,2.6112106e-09,5.5163135e-10,-0.959452,3
199123239,199122825,0.99972767,0.009023488,0.0045689982,-0.021034766,-0.28187245,2.6112106e-09,5.5163135e-10,-0.959452,3
199176372,199175958,0.9997518,0.006795042,0.0031009775,-0.020993043,-0.28187245,2.6112106e-09,5.5163135e-10,-0.959452,3
199224204,199223797,0.99975204,0.006411005,0.0032229593,-0.021080673,-0.28187245,2.6112106e-09,5.5163135e-10,-0.959452,3
199277328,199276925,0.9997217,0.008428138,0.005308946,-0.021389104,-0.28187245,2.6112106e-09,5.5163135e-10,-0.959452,3
199325159,199324739,0.99968207,0.010935407,0.0073746634,-0.021489266,-0.28187245,2.6112106e-09,5.5163135e-10,-0.959452,3
199372995,199372536,0.99967784,0.011685523,0.007506601,-0.021248514,-0.28187245,2.6112106e-09,5.5163135e-10,-0.959452,3
199426168,199425696,0.9997209,0.009657577,0.005548503,-0.020839134,-0.28187245,2.6112106e-09,5.5163135e-10,-0.959452,3
199473892,199473474,0.99975115,0.007176213,0.004045746,-0.020731045,-0.28187245,2.6112106e-09,5.5163135e-10,-0.959452,3
199521719,199521296,0.9997557,0.0065008625,0.0042988863,-0.020685662,-0.28187245,2.6112106e-09,5.5163135e-10,-0.959452,3
199574828,199574426,0.99973625,0.008122008,0.005756924,-0.020699615,-0.28187245,2.6112106e-09,5.5163135e-10,-0.959452,3
199627944,199627512,0.9997173,0.009916822,0.0067478977,-0.020529877,-0.28187245,2.6112106e-09,5.5163135e-10,-0.959452,3
199675801,199675329,0.99973476,0.009883039,0.005633173,-0.0200279,-0.28187245,2.6112106e-09,5.5163135e-10,-0.959452,3
199723604,199723171,0.99977475,0.007858712,0.0030898785,-0.019471841,-0.28187245,2.6112106e-09,5.5163135e-10,-0.959452,3
199776642,199776238,0.9998089,0.0050093946,0.00063729734,-0.01888736,-0.28187245,2.6112106e-09,5.5163135e-10,-0.959452,3
199824479,199824066,0.99982154,0.003550641,0.00041172004,-0.018548654,-0.28187245,2.6112106e-09,5.5163135e-10,-0.959452,3
199872337,199871917,0.99981934,0.004347973,0.0020427268,-0.018388841,-0.28187245,2.6112106e-09,5.5163135e-10,-0.959452,3
199925399,199924991,0.99980086,0.0070382333,0.0044347993,-0.018138884,-0.28187245,2.6112106e-09,5.5163135e-10,-0.959452,3
199973281,199972841,0.9997813,0.009498966,0.0051616486,-0.017902916,-0.28187245,2.6112106e-09,5.5163135e-10,-0.959452,3
200026428,200025937,0.99978244,0.010540851,0.0043247105,-0.017473767,-0.28187245,2.6112106e-09,5.5163135e-10,-0.959452,3
200074199,200073792,0.9998052,0.009798083,0.0026662296,-0.016930066,-0.28187245,2.6112106e-09,5.5163135e-10,-0.959452,3
200127338,200126918,0.9998362,0.007685576,0.0015989331,-0.016310373,-0.28187245,2.6112106e-09,5.5163135e-10,-0.959452,3
200175126,200174717,0.9998511,0.0056999684,0.0024205986,-0.016108682,-0.28187245,2.6112106e-09,5.5163135e-10,-0.959452,3
200222987,200222512,0.99985313,0.0050404607,0.0041468837,-0.015849404,-0.28187245,2.6112106e-09,5.5163135e-10,-0.959452,3
200270714,200270306,0.9998438,0.0061819516,0.005102235,-0.015757948,-0.28187245,2.6112106e-09,5.5163135e-10,-0.959452,3
200323916,200323489,0.99982065,0.008899703,0.0053141834,-0.015854176,-0.28187245,2.6112106e-09,5.5163135e-10,-0.959452,3
200376966,200376520,0.99981385,0.010504755,0.0039395457,-0.015698103,-0.28187245,2.6112106e-09,5.5163135e-10,-0.959452,3
200424794,200424365,0.9998256,0.01022304,0.002285453,-0.015459299,-0.28187245,2.6112106e-09,5.5163135e-10,-0.959452,3
200477926,200477496,0.9998446,0.008802407,0.0011941112,-0.015232791,-0.28187245,2.6112106e-09,5.5163135e-10,-0.959452,3
200525783,200525306,0.99986446,0.006705978,0.0012927476,-0.01497918,-0.28187245,2.6112106e-09,5.5163135e-10,-0.959452,3
200573606,200573151,0.99987054,0.0055448585,0.0025765593,-0.014886276,-0.28187245,2.6112106e-09,5.5163135e-10,-0.959452,3
200621357,200620948,0.9998658,0.005470168,0.004402048,-0.014802814,-0.28187245,2.6112106e-09,5.5163135e-10,-0.959452,3
200674493,200674081,0.9998521,0.0069216355,0.0059860717,-0.014562372,-0.28187245,2.6112106e-09,5.5163135e-10,-0.959452,3
200722259,200721847,0.999835,0.008948074,0.0064308974,-0.0144408615,-0.28187245,2.6112106e-09,5.5163135e-10,-0.959452,3
200775363,200774959,0.99983233,0.010663052,0.0052724835,-0.013923774,-0.28187245,2.6112106e-09,5.5163135e-10,-0.959452,3
200828548,200828144,0.99983317,0.01140406,0.0042578145,-0.013625653,-0.28187245,2.6112106e-09,5.5163135e-10,-0.959452,3
200876373,200875940,0.99984366,0.010652741,0.004572633,-0.013353584,-0.28187245,2.6112106e-09,5.5163135e-10,-0.959452,3
200924176,200923769,0.99986154,0.008916873,0.0050589256,-0.013113482,-0.28187245,2.6112106e-09,5.5163135e-10,-0.959452,3
200971972,200971555,0.999873,0.007608346,0.0049997503,-0.013085231,-0.28187245,2.6112106e-09,5.5163135e-10,-0.959452,3
201025062,201024631,0.99988633,0.0065811626,0.0030255092,-0.013226628,-0.28187245,2.6112106e-09,5.5163135e-10,-0.959452,3
201072986,201072505,0.9998954,0.005628954,-7.147338e-05,-0.013324707,-0.28187245,2.6112106e-09,5.5163135e-10,-0.959452,3
201126007,201125569,0.9998962,0.0049839076,-0.0024392165,-0.013292893,-0.28187245,2.6112106e-09,5.5163135e-10,-0.959452,3
201173836,201173384,0.9998984,0.0050179195,-0.0022676976,-0.013151821,-0.28187245,2.6112106e-09,5.5163135e-10,-0.959452,3
201227013,201226546,0.9999018,0.005441907,0.00062124874,-0.012908074,-0.28187245,2.6112106e-09,5.5163135e-10,-0.959452,3
201274742,201274337,0.9998918,0.0064901584,0.003968837,-0.012592111,-0.28187245,2.6112106e-09,5.5163135e-10,-0.959452,3
201322584,201322155,0.99986327,0.0085058445,0.006726834,-0.01249128,-0.28187245,2.6112106e-09,5.5163135e-10,-0.959452,3
201375694,201375285,0.9998365,0.010942484,0.0073398063,-0.012389698,-0.28187245,2.6112106e-09,5.5163135e-10,-0.959452,3
201423569,201423122,0.9998193,0.012796863,0.0063801357,-0.012525985,-0.28187245,2.6112106e-09,5.5163135e-10,-0.959452,3
201471264,201470857,0.9998087,0.014053625,0.005132323,-0.012603701,-0.28187245,2.6112106e-09,5.5163135e-10,-0.959452,3
201524447,201524019,0.99980956,0.014167508,0.004510994,-0.012647698,-0.28187245,2.6112106e-09,5.5163135e-10,-0.959452,3
201572252,201571842,0.9998145,0.013429706,0.0049906126,-0.012879301,-0.28187245,2.6112106e-09,5.5163135e-10,-0.959452,3
201625428,201625000,0.99981713,0.0127623435,0.0054723825,-0.013150352,-0.28187245,2.6112106e-09,5.5163135e-10,-0.959452,3
201673135,201672718,0.9998267,0.0117218755,0.0052454043,-0.013475365,-0.28187245,2.6112106e-09,5.5163135e-10,-0.959452,3
201726380,201725917,0.99985343,0.009730052,0.00330239,-0.013696209,-0.28187245,2.6112106e-09,5.5163135e-10,-0.959452,3
201774208,201773716,0.9998768,0.0075124404,0.0005601867,-0.0137712555,-0.28187245,2.6112106e-09,5.5163135e-10,-0.959452,3
201821950,201821532,0.99988985,0.0057159285,-0.0017954466,-0.013580119,-0.28187245,2.6112106e-09,5.5163135e-10,-0.959452,3
201875089,201874661,0.9999007,0.004084287,-0.0018771347,-0.013357883,-0.28187245,2.6112106e-09,5.5163135e-10,-0.959452,3
201922895,201922411,0.9999056,0.003201885,0.00034317301,-0.013360882,-0.28187245,2.6112106e-09,5.5163135e-10,-0.959452,3
201975982,201975568,0.99989694,0.0028855666,0.0028390444,-0.013776374,-0.28187245,2.6112106e-09,5.5163135e-10,-0.959452,3
202023790,202023354,0.9998939,0.003186813,0.002787735,-0.013944215,-0.28187245,2.6112106e-09,5.5163135e-10,-0.959452,3
202077000,202076520,0.99989367,0.003176047,0.0015145133,-0.014159932,-0.28187245,2.6112106e-09,5.5163135e-10,-0.959452,3
202124702,202124298,0.999892,0.003448974,0.0010808603,-0.014250147,-0.28187245,2.6112106e-09,5.5163135e-10,-0.959452,3
202172508,202172094,0.9998791,0.004974615,0.0022822805,-0.014556521,-0.28187245,2.6112106e-09,5.5163135e-10,-0.959452,3
202225641,202225232,0.99985296,0.0075330967,0.0049526775,-0.014590058,-0.28187245,2.6112106e-09,5.5163135e-10,-0.959452,3
202273486,202273081,0.9998261,0.009411459,0.0072823,-0.0143578295,-0.28187245,2.6112106e-09,5.5163135e-10,-0.959452,3
202321366,202320918,0.999826,0.009332787,0.008124487,-0.013961497,-0.28187245,2.6112106e-09,5.5163135e-10,-0.959452,3
202374377,202373951,0.9998384,0.009625289,0.0062460005,-0.013838218,-0.28187245,2.6112106e-09,5.5163135e-10,-0.959452,3
202427599,202427123,0.99985063,0.009680406,0.0030795662,-0.013986426,-0.28187245,2.6112106e-09,5.5163135e-10,-0.959452,3
202475325,202474918,0.9998434,0.010342085,0.0019482822,-0.014228927,-0.28187245,2.6112106e-09,5.5163135e-10,-0.959452,3
202523133,202522721,0.9998246,0.0115236435,0.0032850523,-0.014398078,-0.28187245,2.6112106e-09,5.5163135e-10,-0.959452,3
202576303,202575865,0.9998081,0.012619249,0.005128617,-0.014082545,-0.28187245,2.6112106e-09,5.5163135e-10,-0.959452,3
202624135,202623676,0.99981093,0.012618489,0.0058164382,-0.013608236,-0.28187245,2.6112106e-09,5.5163135e-10,-0.959452,3
202671937,202671485,0.9998273,0.012040807,0.0050516357,-0.013229766,-0.28187245,2.6112106e-09,5.5163135e-10,-0.959452,3
202725020,202724611,0.9998296,0.012038862,0.004065016,-0.013397096,-0.28187245,2.6112106e-09,5.5163135e-10,-0.959452,3
202772915,202772457,0.9998279,0.0121000195,0.0036120305,-0.013594333,-0.28187245,2.6112106e-09,5.5163135e-10,-0.959452,3
202825914,202825509,0.9998327,0.011353249,0.004366696,-0.013661774,-0.28187245,2.6112106e-09,5.5163135e-10,-0.959452,3
202873753,202873331,0.9998416,0.010485998,0.0052665547,-0.013385344,-0.28187245,2.6112106e-09,5.5163135e-10,-0.959452,3
202926919,202926505,0.9998654,0.00879539,0.005341566,-0.0127803255,-0.28187245,2.6112106e-09,5.5163135e-10,-0.959452,3
202974765,202974302,0.99989474,0.006735388,0.00404282,-0.012198909,-0.28187245,2.6112106e-09,5.5163135e-10,-0.959452,3
203022485,203022078,0.999911,0.005450039,0.0018217871,-0.012047934,-0.28187245,2.6112106e-09,5.5163135e-10,-0.959452,3
203070326,203069919,0.9999106,0.0053140833,-0.00050825207,-0.012263859,-0.28187245,2.6112106e-09,5.5163135e-10,-0.959452,3
203123408,203122999,0.9999011,0.0059193005,-0.0017267509,-0.012639735,-0.28187245,2.6112106e-09,5.5163135e-10,-0.959452,3
203176557,203176153,0.99989194,0.0068077026,-6.670381e-05,-0.01303451,-0.28187245,2.6112106e-09,5.5163135e-10,-0.959452,3
203224412,203223994,0.9998834,0.0073714694,0.0026228745,-0.013115631,-0.28187245,2.6112106e-09,5.5163135e-10,-0.959452,3
203277544,203277087,0.99987435,0.007382121,0.005417317,-0.01294594,-0.28187245,2.6112106e-09,5.5163135e-10,-0.959452,3
203325345,203324917,0.9998726,0.0070623667,0.00679401,-0.012599573,-0.28187245,2.6112106e-09,5.5163135e-10,-0.959452,3
203373222,203372731,0.9998876,0.0058721863,0.0066766934,-0.012075638,-0.28187245,2.6112106e-09,5.5163135e-10,-0.959452,3
203420950,203420493,0.9999116,0.00435687,0.0043867207,-0.011769991,-0.28187245,2.6112106e-09,5.5163135e-10,-0.959452,3
203474088,203473667,0.9999262,0.0030707691,0.0011075926,-0.0117059965,-0.28187245,2.6112106e-09,5.5163135e-10,-0.959452,3
203521847,203521409,0.9999332,0.0018624114,-0.0006304061,-0.011399136,-0.28187245,2.6112106e-09,5.5163135e-10,-0.959452,3
203575010,203574560,0.9999398,0.0012669732,9.70649e-05,-0.010898108,-0.28187245,2.6112106e-09,5.5163135e-10,-0.959452,3
203628089,203627666,0.9999353,0.0018827522,0.0026832286,-0.0108968755,-0.28187245,2.6112106e-09,5.5163135e-10,-0.959452,3
203675903,203675494,0.99991834,0.0037180642,0.004637977,-0.011317033,-0.28187245,2.6112106e-09,5.5163135e-10,-0.959452,3
203723720,203723309,0.9998977,0.0063548097,0.0050314767,-0.011785867,-0.28187245,2.6112106e-09,5.5163135e-10,-0.959452,3
203771585,203771150,0.99987805,0.009318348,0.00409144,-0.011844777,-0.28187245,2.6112106e-09,5.5163135e-10,-0.959452,3
203824694,203824266,0.9998605,0.011627063,0.0028847216,-0.011640529,-0.28187245,2.6112106e-09,5.5163135e-10,-0.959452,3
203872473,203872062,0.9998618,0.011902641,0.0016461019,-0.011497266,-0.28187245,2.6112106e-09,5.5163135e-10,-0.959452,3
203925564,203925154,0.99986887,0.011283515,-1.9854328e-05,-0.011615014,-0.28187245,2.6112106e-09,5.5163135e-10,-0.959452,3
203973379,203972968,0.99988407,0.009689872,-0.0006835579,-0.0117295105,-0.28187245,2.6112106e-09,5.5163135e-10,-0.959452,3
204026566,204026126,0.999904,0.007523456,0.00049323915,-0.011626418,-0.28187245,2.6112106e-09,5.5163135e-10,-0.959452,3
204074398,204073963,0.99991417,0.005792772,0.0031771408,-0.011321247,-0.28187245,2.6112106e-09,5.5163135e-10,-0.959452,3
204122154,204121700,0.9999011,0.0054548164,0.0062228134,-0.011376362,-0.28187245,2.6112106e-09,5.5163135e-10,-0.959452,3
204175254,204174831,0.9998533,0.008032637,0.009063624,-0.0121197915,-0.28187245,2.6112106e-09,5.5163135e-10,-0.959452,3
204223061,204222627,0.9998103,0.011168132,0.010057448,-0.012396395,-0.28187245,2.6112106e-09,5.5163135e-10,-0.959452,3
204270929,204270520,0.9997908,0.013181611,0.009711655,-0.012263695,-0.28187245,2.6112106e-09,5.5163135e-10,-0.959452,3
204323986,204323578,0.99981713,0.012993332,0.007297005,-0.011990617,-0.28187245,2.6112106e-09,5.5163135e-10,-0.959452,3
204377124,204376716,0.99986017,0.011193648,0.003524809,-0.011920109,-0.28187245,2.6112106e-09,5.5163135e-10,-0.959452,3
204424971,204424544,0.99989665,0.008147416,9.661648e-05,-0.0118517345,-0.28187245,2.6112106e-09,5.5163135e-10,-0.959452,3
204472713,204472305,0.9999188,0.005145125,-0.0019570047,-0.011501124,-0.28187245,2.6112106e-09,5.5163135e-10,-0.959452,3
204525837,204525434,0.99992645,0.0042133424,-0.0010518323,-0.011330448,-0.28187245,2.6112106e-09,5.5163135e-10,-0.959452,3
204573737,204573326,0.99990845,0.0063377307,0.0020523889,-0.01178405,-0.28187245,2.6112106e-09,5.5163135e-10,-0.959452,3
204621458,204621053,0.9998593,0.009799747,0.0055979905,-0.012417153,-0.28187245,2.6112106e-09,5.5163135e-10,-0.959452,3
204674600,204674182,0.99980754,0.011973756,0.008852826,-0.01277506,-0.28187245,2.6112106e-09,5.5163135e-10,-0.959452,3
204722472,204722024,0.9998102,0.011290191,0.010092048,-0.012262847,-0.28187245,2.6112106e-09,5.5163135e-10,-0.959452,3
204775627,204775152,0.99985427,0.008275482,0.009278018,-0.011699323,-0.28187245,2.6112106e-09,5.5163135e-10,-0.959452,3
204823393,204822948,0.99989367,0.005880348,0.006504395,-0.011660062,-0.28187245,2.6112106e-09,5.5163135e-10,-0.959452,3
204876547,204876142,0.9999129,0.0057304,0.0030457922,-0.011494204,-0.28187245,2.6112106e-09,5.5163135e-10,-0.959452,3
204924283,204923858,0.99991375,0.0068951575,0.0009399862,-0.011137534,-0.28187245,2.6112106e-09,5.5163135e-10,-0.959452,3
204972185,204971763,0.9999137,0.007335187,-0.00072447764,-0.010877038,-0.28187245,2.6112106e-09,5.5163135e-10,-0.959452,3
205025248,205024819,0.9999188,0.006393414,-0.0023016771,-0.010778692,-0.28187245,2.6112106e-09,5.5163135e-10,-0.959452,3
205073062,205072623,0.9999251,0.005595445,-0.0031764605,-0.010412795,-0.28187245,2.6112106e-09,5.5163135e-10,-0.959452,3
205126157,205125751,0.99992305,0.0066166106,-0.002440184,-0.010210998,-0.28187245,2.6112106e-09,5.5163135e-10,-0.959452,3
205173991,205173580,0.99991655,0.0077130618,-0.00085043686,-0.010328127,-0.28187245,2.6112106e-09,5.5163135e-10,-0.959452,3
205227144,205226740,0.99992776,0.0065097385,0.0010292769,-0.010055118,-0.28187245,2.6112106e-09,5.5163135e-10,-0.959452,3
205274901,205274490,0.9999287,0.0058464706,0.0033607148,-0.009858921,-0.28187245,2.6112106e-09,5.5163135e-10,-0.959452,3
205322789,205322338,0.9999025,0.0074043586,0.0061034444,-0.010150618,-0.28187245,2.6112106e-09,5.5163135e-10,-0.959452,3
205375962,205375487,0.9998804,0.008128362,0.008488709,-0.010053208,-0.28187245,2.6112106e-09,5.5163135e-10,-0.959452,3
205423691,205423282,0.9998813,0.0075499285,0.00952586,-0.009475332,-0.28187245,2.6112106e-09,5.5163135e-10,-0.959452,3
205471508,205471103,0.99987876,0.0071659936,0.01003518,-0.009504891,-0.28187245,2.6112106e-09,5.5163135e-10,-0.959452,3
205524609,205524176,0.9998605,0.008754339,0.010318836,-0.0097948015,-0.28187245,2.6112106e-09,5.5163135e-10,-0.959452,3
205577765,205577356,0.99986833,0.009504336,0.009307736,-0.009300958,-0.28187245,2.6112106e-09,5.5163135e-10,-0.959452,3
205625617,205625169,0.99990404,0.008110073,0.0066270945,-0.009065495,-0.28187245,2.6112106e-09,5.5163135e-10,-0.959452,3
205673322,205672918,0.99993455,0.0068777013,0.0028402507,-0.008692229,-0.28187245,2.6112106e-09,5.5163135e-10,-0.959452,3
205726456,205726051,0.9999367,0.0075706705,-0.00048642472,-0.008310799,-0.28187245,2.6112106e-09,5.5163135e-10,-0.959452,3
205774299,205773890,0.99992776,0.008457995,-0.0017690674,-0.008358933,-0.28187245,2.6112106e-09,5.5163135e-10,-0.959452,3
205822078,205821670,0.9999393,0.007494328,-0.0016928003,-0.00790292,-0.28187245,2.6112106e-09,5.5163135e-10,-0.959452,3
205875193,205874774,0.99994594,0.0070632864,0.0006510577,-0.007611377,-0.28187245,2.6112106e-09,5.5163135e-10,-0.959452,3
205923049,205922561,0.9999264,0.00826414,0.004018907,-0.007927325,-0.28187245,2.6112106e-09,5.5163135e-10,-0.959452,3
205976187,205975739,0.99990374,0.008883139,0.0073365998,-0.0077428394,-0.28187245,2.6112106e-09,5.5163135e-10,-0.959452,3
206023959,206023551,0.99990666,0.007457679,0.008736959,-0.0073996354,-0.28187245,2.6112106e-09,5.5163135e-10,-0.959452,3
206077037,206076630,0.99991673,0.0069417963,0.00801196,-0.0073673204,-0.28187245,2.6112106e-09,5.5163135e-10,-0.959452,3
206124935,206124522,0.9999248,0.008016166,0.006160296,-0.006954813,-0.28187245,2.6112106e-09,5.5163135e-10,-0.959452,3
206172727,206172318,0.99994254,0.0076205935,0.0036087786,-0.0066278987,-0.28187245,2.6112106e-09,5.5163135e-10,-0.959452,3
206220557,206220124,0.99995834,0.0063202,0.00069719244,-0.006561627,-0.28187245,2.6112106e-09,5.5163135e-10,-0.959452,3
206273695,206273257,0.9999612,0.006035574,-0.0016387808,-0.0062004817,-0.28187245,2.6112106e-09,5.5163135e-10,-0.959452,3
206326749,206326341,0.99995226,0.0073603857,-0.0020489541,-0.006102661,-0.28187245,2.6112106e-09,5.5163135e-10,-0.959452,3
206374558,206374156,0.9999505,0.0075569614,-0.001808467,-0.00621977,-0.28187245,2.6112106e-09,5.5163135e-10,-0.959452,3
206427689,206427285,0.9999608,0.006354611,-0.0012117027,-0.006057542,-0.28187245,2.6112106e-09,5.5163135e-10,-0.959452,3
206475491,206475079,0.99996144,0.0065692556,-3.4204888e-05,-0.005843229,-0.28187245,2.6112106e-09,5.5163135e-10,-0.959452,3
206523361,206522890,0.99994767,0.007922805,0.0021989786,-0.0061011896,-0.28187245,2.6112106e-09,5.5163135e-10,-0.959452,3
206571154,206570737,0.999938,0.008468285,0.0038381054,-0.00613528,-0.28187245,2.6112106e-09,5.5163135e-10,-0.959452,3
206624279,206623868,0.99994206,0.0072748247,0.0054112803,-0.005805999,-0.28187245,2.6112106e-09,5.5163135e-10,-0.959452,3
206672046,206671627,0.99992764,0.0074948124,0.007302021,-0.0059419884,-0.28187245,2.6112106e-09,5.5163135e-10,-0.959452,3
206725188,206724782,0.99988836,0.0092791375,0.0097967805,-0.006415536,-0.28187245,2.6112106e-09,5.5163135e-10,-0.959452,3
206778335,206777917,0.9998725,0.009358665,0.011332769,-0.006234066,-0.28187245,2.6112106e-09,5.5163135e-10,-0.959452,3
206826124,206825665,0.999878,0.008214977,0.0116833085,-0.0063360124,-0.28187245,2.6112106e-09,5.5163135e-10,-0.959452,3
206873909,206873487,0.99988323,0.008658577,0.010703644,-0.0066457186,-0.28187245,2.6112106e-09,5.5163135e-10,-0.959452,3
206921696,206921288,0.99990004,0.009066848,0.008624949,-0.006591305,-0.28187245,2.6112106e-09,5.5163135e-10,-0.959452,3
206974905,206974458,0.99993336,0.0077847117,0.0050794855,-0.0068502836,-0.28187245,2.6112106e-09,5.5163135e-10,-0.959452,3
207022763,207022324,0.9999494,0.0069272807,0.0015752021,-0.007132484,-0.28187245,2.6112106e-09,5.5163135e-10,-0.959452,3
207075797,207075381,0.99994475,0.007605948,-0.00093388616,-0.007206117,-0.28187245,2.6112106e-09,5.5163135e-10,-0.959452,3
207123573,207123154,0.99993956,0.0077282055,-0.0022893227,-0.007476432,-0.28187245,2.6112106e-09,5.5163135e-10,-0.959452,3
207176760,207176308,0.99994916,0.0064498456,-0.002242591,-0.007430184,-0.28187245,2.6112106e-09,5.5163135e-10,-0.959452,3
207224488,207224086,0.9999477,0.0067707025,-0.00018371416,-0.007658568,-0.28187245,2.6112106e-09,5.5163135e-10,-0.959452,3
207272331,207271923,0.9999254,0.008654541,0.00261508,-0.00821256,-0.28187245,2.6112106e-09,5.5163135e-10,-0.959452,3
207325493,207325053,0.9999078,0.00905691,0.005740347,-0.008332569,-0.28187245,2.6112106e-09,5.5163135e-10,-0.959452,3
207373287,207372860,0.9999048,0.007851413,0.0076558334,-0.008381916,-0.28187245,2.6112106e-09,5.5163135e-10,-0.959452,3
207421082,207420671,0.9998984,0.007974023,0.007948015,-0.008752334,-0.28187245,2.6112106e-09,5.5163135e-10,-0.959452,3
207474247,207473839,0.9998974,0.009301827,0.0065925783,-0.008672482,-0.28187245,2.6112106e-09,5.5163135e-10,-0.959452,3
207527324,207526917,0.9999212,0.008247261,0.0041405647,-0.008511134,-0.28187245,2.6112106e-09,5.5163135e-10,-0.959452,3
207575125,207574717,0.99994236,0.0066065774,0.0009987457,-0.0084085185,-0.28187245,2.6112106e-09,5.5163135e-10,-0.959452,3
207622994,207622539,0.9999456,0.006243799,-0.0013363232,-0.008259034,-0.28187245,2.6112106e-09,5.5163135e-10,-0.959452,3
207676109,207675669,0.9999364,0.0069386447,-0.0017801519,-0.008719147,-0.28187245,2.6112106e-09,5.5163135e-10,-0.959452,3
207723984,207723495,0.999942,0.0062114554,-0.00048024944,-0.008789475,-0.28187245,2.6112106e-09,5.5163135e-10,-0.959452,3
207771766,207771314,0.999939,0.0058929897,0.002171357,-0.009083716,-0.28187245,2.6112106e-09,5.5163135e-10,-0.959452,3
207824820,207824407,0.9999063,0.007824469,0.00553928,-0.009777794,-0.28187245,2.6112106e-09,5.5163135e-10,-0.959452,3
207872641,207872233,0.9998845,0.008640633,0.0077656875,-0.009796602,-0.28187245,2.6112106e-09,5.5163135e-10,-0.959452,3
207925797,207925381,0.9998856,0.0077707865,0.008151691,-0.010098885,-0.28187245,2.6112106e-09,5.5163135e-10,-0.959452,3
207973557,207973127,0.99989015,0.008006626,0.0071294666,-0.010235527,-0.28187245,2.6112106e-09,5.5163135e-10,-0.959452,3
208026686,208026259,0.99990726,0.007153221,0.0055131405,-0.010190253,-0.28187245,2.6112106e-09,5.5163135e-10,-0.959452,3
208074503,208074098,0.9997265,-0.012211019,0.018233322,-0.008086177,-0.28187245,2.6112106e-09,5.5163135e-10,-0.959452,3
208122327,208121918,0.997973,-0.04171594,0.047792766,-0.0050451267,-0.28187245,2.6112106e-09,5.5163135e-10,-0.959452,3
208175416,208175007,0.9939322,-0.06749126,0.086822756,-0.0023786244,-0.28187245,2.6112106e-09,5.5163135e-10,-0.959452,3
208223231,208222820,0.99013513,-0.07998312,0.115041815,-0.000732113,-0.28187245,2.6112106e-09,5.5163135e-10,-0.959452,3
208276369,208275959,0.987715,-0.08282775,0.13250816,0.0005962398,-0.28187245,2.6112106e-09,5.5163135e-10,-0.959452,3
208324224,208323776,0.987593,-0.0780276,0.13627504,0.0010461771,-0.28187245,2.6112106e-09,5.5163135e-10,-0.959452,3
208377392,208376933,0.9890134,-0.070566945,0.12987573,0.0022661453,-0.28187245,2.6112106e-09,5.5163135e-10,-0.959452,3
208425187,208424758,0.9911712,-0.06145561,0.11745613,0.002677285,-0.28187245,2.6112106e-09,5.5163135e-10,-0.959452,3
208472955,208472497,0.9935372,-0.050726447,0.10149306,0.0031523325,-0.28187245,2.6112106e-09,5.5163135e-10,-0.959452,3
208526091,208525671,0.99582684,-0.040751588,0.081570834,0.0038138458,-0.28187245,2.6112106e-09,5.5163135e-10,-0.959452,3
208573877,208573460,0.99752986,-0.03093346,0.062941566,0.003980248,-0.28187245,2.6112106e-09,5.5163135e-10,-0.959452,3
208621698,208621290,0.99871314,-0.021755382,0.045588456,0.0045278436,-0.28187245,2.6112106e-09,5.5163135e-10,-0.959452,3
208674761,208674357,0.9994935,-0.01416934,0.028105391,0.0047082393,-0.28187245,2.6112106e-09,5.5163135e-10,-0.959452,3
208727910,208727493,0.99988747,-0.0057160975,0.012994244,0.004865983,-0.28187245,2.6112106e-09,5.5163135e-10,-0.959452,3
208775725,208775301,0.99998724,0.00013848365,0.0015657898,0.004805117,-0.28187245,2.6112106e-09,5.5163135e-10,-0.959452,3
208823581,208823174,0.99994564,0.004928403,-0.008074333,0.0043841563,-0.28187245,2.6112106e-09,5.5163135e-10,-0.959452,3
208876694,208876287,0.9998062,0.010723684,-0.015996851,0.004094624,-0.28187245,2.6112106e-09,5.5163135e-10,-0.959452,3
208924474,208924026,0.9996817,0.013844837,-0.020816939,0.0034026112,-0.28187245,2.6112106e-09,5.5163135e-10,-0.959452,3
208972323,208971916,0.99956375,0.017343482,-0.023751518,0.002732703,-0.28187245,2.6112106e-09,5.5163135e-10,-0.959452,3
209025456,209025043,0.9994696,0.020625483,-0.025107255,0.0022186711,-0.28187245,2.6112106e-09,5.5163135e-10,-0.959452,3
209073246,209072840,0.999431,0.021582054,-0.025873454,0.0015653996,-0.28187245,2.6112106e-09,5.5163135e-10,-0.959452,3
209126355,209125921,0.99940175,0.023058131,-0.025744658,0.0013099228,-0.28187245,2.6112106e-09,5.5163135e-10,-0.959452,3
209174210,209173769,0.99941564,0.023042038,-0.025225613,0.0011064311,-0.28187245,2.6112106e-09,5.5163135e-10,-0.959452,3
209227265,209226860,0.9994559,0.022447981,-0.02412851,0.0013578212,-0.28187245,2.6112106e-09,5.5163135e-10,-0.959452,3
209275096,209274690,0.9994893,0.022466604,-0.022682494,0.0013536384,-0.28187245,2.6112106e-09,5.5163135e-10,-0.959452,3
209322995,209322530,0.9995512,0.021190273,-0.021116339,0.0015868141,-0.28187245,2.6112106e-09,5.5163135e-10,-0.959452,3
209370665,209370261,0.9995906,0.020856598,-0.01948679,0.0020092074,-0.28187245,2.6112106e-09,5.5163135e-10,-0.959452,3
209423816,209423408,0.9996389,0.019911692,-0.017898727,0.0022711132,-0.28187245,2.6112106e-09,5.5163135e-10,-0.959452,3
209476995,209476583,0.9996844,0.019011369,-0.01618078,0.0027971258,-0.28187245,2.6112106e-09,5.5163135e-10,-0.959452,3
209524834,209524378,0.999718,0.018719804,-0.014301755,0.0030092823,-0.28187245,2.6112106e-09,5.5163135e-10,-0.959452,3
209577909,209577460,0.9997607,0.017832719,-0.0121736275,0.0035251314,-0.28187245,2.6112106e-09,5.5163135e-10,-0.959452,3
209625713,209625310,0.99977535,0.01825924,-0.010118508,0.0036732338,-0.28187245,2.6112106e-09,5.5163135e-10,-0.959452,3
209673475,209673063,0.9998066,0.01747767,-0.008042131,0.004071394,-0.28187245,2.6112106e-09,5.5163135e-10,-0.959452,3
209721357,209720954,0.9998136,0.017930515,-0.0060329787,0.0038593917,-0.28187245,2.6112106e-09,5.5163135e-10,-0.959452,3
209774489,209774081,0.9998281,0.017521102,-0.0043924046,0.0041866875,-0.28187245,2.6112106e-09,5.5163135e-10,-0.959452,3
209822261,209821859,0.9998469,0.016566766,-0.003795165,0.0041657975,-0.28187245,2.6112106e-09,5.5163135e-10,-0.959452,3
209875400,209874960,0.9998461,0.016523277,-0.0040775156,0.004272101,-0.28187245,2.6112106e-09,5.5163135e-10,-0.959452,3
209923227,209922793,0.9998645,0.015077464,-0.0049843495,0.004332057,-0.28187245,2.6112106e-09,5.5163135e-10,-0.959452,3
209976324,209975918,0.99985915,0.014704364,-0.0067740167,0.0044165454,-0.28187245,2.6112106e-09,5.5163135e-10,-0.959452,3
210024192,210023771,0.999856,0.013374284,-0.009326981,0.0047276793,-0.28187245,2.6112106e-09,5.5163135e-10,-0.959452,3
210071965,210071511,0.99983907,0.0118271485,-0.0126727745,0.0046396093,-0.28187245,2.6112106e-09,5.5163135e-10,-0.959452,3
210125133,210124687,0.9997982,0.0119983265,-0.015407525,0.004725122,-0.28187245,2.6112106e-09,5.5163135e-10,-0.959452,3
210172909,210172460,0.9997786,0.011644241,-0.016909506,0.0046134847,-0.28187245,2.6112106e-09,5.5163135e-10,-0.959452,3
210225977,210225565,0.9997837,0.010832802,-0.017197747,0.0044198846,-0.28187245,2.6112106e-09,5.5163135e-10,-0.959452,3
210273793,210273386,0.9997968,0.011867307,-0.01583226,0.0038859344,-0.28187245,2.6112106e-09,5.5163135e-10,-0.959452,3
210326946,210326538,0.9998481,0.01122907,-0.012801149,0.003726647,-0.28187245,2.6112106e-09,5.5163135e-10,-0.959452,3
210374742,210374337,0.9998824,0.011696575,-0.009378167,0.0032339355,-0.28187245,2.6112106e-09,5.5163135e-10,-0.959452,3
210422588,210422174,0.99989086,0.013091678,-0.0060929866,0.0031194624,-0.28187245,2.6112106e-09,5.5163135e-10,-0.959452,3
210475705,210475301,0.99990034,0.01336609,-0.00360754,0.0028074253,-0.28187245,2.6112106e-09,5.5163135e-10,-0.959452,3
210523513,210523103,0.9998931,0.014176407,-0.0023950995,0.0026546558,-0.28187245,2.6112106e-09,5.5163135e-10,-0.959452,3
210571341,210570931,0.99990207,0.013509534,-0.0025800334,0.0025968556,-0.28187245,2.6112106e-09,5.5163135e-10,-0.959452,3
210624549,210624061,0.9998921,0.013953578,-0.0038580394,0.0024976644,-0.28187245,2.6112106e-09,5.5163135e-10,-0.959452,3
210672295,210671819,0.99989665,0.013213314,-0.005027349,0.0026266752,-0.28187245,2.6112106e-09,5.5163135e-10,-0.959452,3
210725464,210724985,0.9998897,0.013244864,-0.0062603257,0.0024710684,-0.28187245,2.6112106e-09,5.5163135e-10,-0.959452,3
210773149,210772742,0.9998871,0.012941184,-0.007148716,0.0026991593,-0.28187245,2.6112106e-09,5.5163135e-10,-0.959452,3
210826323,210825917,0.99988693,0.01288147,-0.0074162427,0.0023148197,-0.28187245,2.6112106e-09,5.5163135e-10,-0.959452,3
210874062,210873654,0.9998927,0.012429626,-0.0074008014,0.0023368078,-0.28187245,2.6112106e-09,5.5163135e-10,-0.959452,3
210921911,210921486,0.99990267,0.01178289,-0.0072382856,0.0019119568,-0.28187245,2.6112106e-09,5.5163135e-10,-0.959452,3
210975024,210974612,0.9999011,0.012060902,-0.007056337,0.0015933957,-0.28187245,2.6112106e-09,5.5163135e-10,-0.959452,3
211022906,211022434,0.999913,0.011312006,-0.0066968245,0.0011612315,-0.28187245,2.6112106e-09,5.5163135e-10,-0.959452,3
211075971,211075561,0.9999142,0.011483294,-0.0062789675,0.00055874273,-0.28187245,2.6112106e-09,5.5163135e-10,-0.959452,3
211123791,211123382,0.99992985,0.010199524,-0.006029125,0.00010015041,-0.28187245,2.6112106e-09,5.5163135e-10,-0.959452,3
211176917,211176511,0.9999337,0.009823141,-0.0059802276,-0.0005533559,-0.28187245,2.6112106e-09,5.5163135e-10,-0.959452,3
211224721,211224314,0.9999414,0.0090974625,-0.0057571023,-0.0011513041,-0.28187245,2.6112106e-09,5.5163135e-10,-0.959452,3
211272535,211272089,0.9999388,0.009295146,-0.0057586874,-0.0016834006,-0.28187245,2.6112106e-09,5.5163135e-10,-0.959452,3
211325732,211325242,0.9999421,0.0087522855,-0.005840836,-0.0022533378,-0.28187245,2.6112106e-09,5.5163135e-10,-0.959452,3
211373511,211373076,0.99994427,0.008629958,-0.005519458,-0.0025555042,-0.28187245,2.6112106e-09,5.5163135e-10,-0.959452,3
211426601,211426153,0.9999496,0.008010043,-0.0052634724,-0.00299988,-0.28187245,2.6112106e-09,5.5163135e-10,-0.959452,3
211474355,211473951,0.9999506,0.00797611,-0.0050373683,-0.0031423823,-0.28187245,2.6112106e-09,5.5163135e-10,-0.959452,3
211527557,211527150,0.99995065,0.008001409,-0.0047016516,-0.003557514,-0.28187245,2.6112106e-09,5.5163135e-10,-0.959452,3
211575354,211574953,0.9999562,0.007487853,-0.004292465,-0.0036347304,-0.28187245,2.6112106e-09,5.5163135e-10,-0.959452,3
211623155,211622749,0.99995685,0.007386133,-0.003948237,-0.0040330207,-0.28187245,2.6112106e-09,5.5163135e-10,-0.959452,3
211676268,211675861,0.99996054,0.007192398,-0.0034497494,-0.0039183935,-0.28187245,2.6112106e-09,5.5163135e-10,-0.959452,3
211724067,211723657,0.99995846,0.0074256808,-0.0029697502,-0.0043864227,-0.28187245,2.6112106e-09,5.5163135e-10,-0.959452,3
211771914,211771490,0.9999609,0.0073129935,-0.0024271177,-0.004346676,-0.28187245,2.6112106e-09,5.5163135e-10,-0.959452,3
211824998,211824567,0.999959,0.0075395554,-0.002090011,-0.0045742868,-0.28187245,2.6112106e-09,5.5163135e-10,-0.959452,3
211872907,211872420,0.999962,0.007140667,-0.0024621303,-0.004370474,-0.28187245,2.6112106e-09,5.5163135e-10,-0.959452,3
211926041,211925565,0.9999619,0.0067808894,-0.0035093932,-0.0042378334,-0.28187245,2.6112106e-09,5.5163135e-10,-0.959452,3
211973714,211973309,0.99996406,0.005789746,-0.004758201,-0.0039669825,-0.28187245,2.6112106e-09,5.5163135e-10,-0.959452,3
212026916,212026483,0.9999589,0.005741358,-0.0060919356,-0.0034967079,-0.28187245,2.6112106e-09,5.5163135e-10,-0.959452,3
212074730,212074292,0.99995697,0.00523081,-0.0070179813,-0.0031000488,-0.28187245,2.6112106e-09,5.5163135e-10,-0.959452,3
212122592,212122114,0.99995404,0.0057212766,-0.007266844,-0.002525216,-0.28187245,2.6112106e-09,5.5163135e-10,-0.959452,3
212175607,212175206,0.9999623,0.0054836967,-0.006444717,-0.0019966185,-0.28187245,2.6112106e-09,5.5163135e-10,-0.959452,3
212223414,212223000,0.9999736,0.005169191,-0.0049693054,-0.0012779674,-0.28187245,2.6112106e-09,5.5163135e-10,-0.959452,3
212276597,212276176,0.9999831,0.005060376,-0.0028047464,-0.00071401923,-0.28187245,2.6112106e-09,5.5163135e-10,-0.959452,3
212324378,212323972,0.99998647,0.005140832,-0.000893827,-0.00017119892,-0.28187245,2.6112106e-09,5.5163135e-10,-0.959452,3
212377458,212377053,0.9999842,0.0055504483,0.0009078798,0.0002401865,-0.28187245,2.6112106e-09,5.5163135e-10,-0.959452,3
212425338,212424929,0.99998564,0.0049465885,0.001898061,0.0008151383,-0.28187245,2.6112106e-09,5.5163135e-10,-0.959452,3
212473127,212472682,0.9999816,0.0052879285,0.0028182312,0.0009820011,-0.28187245,2.6112106e-09,5.5163135e-10,-0.959452,3
212520933,212520523,0.99998224,0.0046590823,0.0034519949,0.0014229742,-0.28187245,2.6112106e-09,5.5163135e-10,-0.959452,3
212574096,212573686,0.99997467,0.0052327006,0.004612207,0.0014735484,-0.28187245,2.6112106e-09,5.5163135e-10,-0.959452,3
212621845,212621425,0.999973,0.0047230776,0.005393424,0.0016375765,-0.28187245,2.6112106e-09,5.5163135e-10,-0.959452,3
212675010,212674601,0.99996674,0.005373732,0.0059316466,0.0015970888,-0.28187245,2.6112106e-09,5.5163135e-10,-0.959452,3
212728128,212727697,0.999968,0.005124086,0.005920046,0.0016260331,-0.28187245,2.6112106e-09,5.5163135e-10,-0.959452,3
212775961,212775515,0.9999713,0.005153121,0.005360228,0.0014691637,-0.28187245,2.6112106e-09,5.5163135e-10,-0.959452,3
212823728,212823292,0.9999765,0.0050263773,0.004535564,0.0011053411,-0.28187245,2.6112106e-09,5.5163135e-10,-0.959452,3
212871536,212871097,0.9999835,0.004357451,0.0036904456,0.0007280154,-0.28187245,2.6112106e-09,5.5163135e-10,-0.959452,3
212924636,212924226,0.9999834,0.004709651,0.0033219415,-2.981922e-05,-0.28187245,2.6112106e-09,5.5163135e-10,-0.959452,3
212972473,212972065,0.99998426,0.0048982874,0.0026422718,-0.00069098093,-0.28187245,2.6112106e-09,5.5163135e-10,-0.959452,3
213025582,213025177,0.99998105,0.0053219385,0.0027332879,-0.0014860488,-0.28187245,2.6112106e-09,5.5163135e-10,-0.959452,3
213073402,213072958,0.9999799,0.0051339227,0.0028939056,-0.002369521,-0.28187245,2.6112106e-09,5.5163135e-10,-0.959452,3
213126570,213126126,0.9999691,0.006171664,0.0037115482,-0.0031620485,-0.28187245,2.6112106e-09,5.5163135e-10,-0.959452,3
213174364,213173956,0.9999631,0.0060601095,0.004442484,-0.00416008,-0.28187245,2.6112106e-09,5.5163135e-10,-0.959452,3
213222172,213221762,0.9999476,0.006869247,0.0058377734,-0.004849183,-0.28187245,2.6112106e-09,5.5163135e-10,-0.959452,3
213275328,213274917,0.99993664,0.006557851,0.0071006385,-0.0057717636,-0.28187245,2.6112106e-09,5.5163135e-10,-0.959452,3
213323123,213322714,0.9999207,0.007075572,0.00828338,-0.0063244496,-0.28187245,2.6112106e-09,5.5163135e-10,-0.959452,3
213370929,213370503,0.99991107,0.006823847,0.009042215,-0.007038592,-0.28187245,2.6112106e-09,5.5163135e-10,-0.959452,3
213424050,213423624,0.99989545,0.007671534,0.009547663,-0.0076926663,-0.28187245,2.6112106e-09,5.5163135e-10,-0.959452,3
213477168,213476717,0.99989307,0.0073750634,0.009635925,-0.008158433,-0.28187245,2.6112106e-09,5.5163135e-10,-0.959452,3
213524961,213524521,0.9998922,0.007705485,0.009251186,-0.008411443,-0.28187245,2.6112106e-09,5.5163135e-10,-0.959452,3
213572779,213572317,0.99990493,0.006954958,0.008459575,-0.00837335,-0.28187245,2.6112106e-09,5.5163135e-10,-0.959452,3
213625949,213625509,0.9999065,0.0073623615,0.007351585,-0.008870891,-0.28187245,2.6112106e-09,5.5163135e-10,-0.959452,3
213673754,213673306,0.99991906,0.0069043646,0.0061840434,-0.008714192,-0.28187245,2.6112106e-09,5.5163135e-10,-0.959452,3
213721558,213721148,0.9999243,0.006888544,0.0050324188,-0.008872101,-0.28187245,2.6112106e-09,5.5163135e-10,-0.959452,3
213774609,213774203,0.9999379,0.0061865943,0.0037291253,-0.00849669,-0.28187245,2.6112106e-09,5.5163135e-10,-0.959452,3
213822461,213822049,0.99993986,0.0064094304,0.0025903066,-0.008519961,-0.28187245,2.6112106e-09,5.5163135e-10,-0.959452,3
213875604,213875198,0.9999503,0.005835203,0.0013866153,-0.007974529,-0.28187245,2.6112106e-09,5.5163135e-10,-0.959452,3
213923405,213922995,0.9999541,0.005772307,0.00039813467,-0.007639111,-0.28187245,2.6112106e-09,5.5163135e-10,-0.959452,3
213976508,213976107,0.99996585,0.0045544594,-0.0009717815,-0.006828961,-0.28187245,2.6112106e-09,5.5163135e-10,-0.959452,3
214024341,214023917,0.99996614,0.0046455124,-0.0025172937,-0.0063220123,-0.28187245,2.6112106e-09,5.5163135e-10,-0.959452,3
214072173,214071762,0.99996525,0.0043870276,-0.0043158624,-0.005619708,-0.28187245,2.6112106e-09,5.5163135e-10,-0.959452,3
214125232,214124820,0.99996024,0.0042708963,-0.0059888004,-0.0050511807,-0.28187245,2.6112106e-09,5.5163135e-10,-0.959452,3
214173063,214172637,0.99995583,0.0044085183,-0.0070307627,-0.004424135,-0.28187245,2.6112106e-09,5.5163135e-10,-0.959452,3
214226201,214225753,0.99996233,0.0042353254,-0.006551298,-0.0038181355,-0.28187245,2.6112106e-09,5.5163135e-10,-0.959452,3
214274023,214273538,0.9999722,0.0046810466,-0.004660922,-0.0034462137,-0.28187245,2.6112106e-09,5.5163135e-10,-0.959452,3
214327161,214326716,0.99998206,0.00504658,-0.0010517903,-0.0030490828,-0.28187245,2.6112106e-09,5.5163135e-10,-0.959452,3
214374906,214374486,0.99997413,0.0062404866,0.002400075,-0.002672228,-0.28187245,2.6112106e-09,5.5163135e-10,-0.959452,3
214422802,214422390,0.99996084,0.006940376,0.004990059,-0.0023283074,-0.28187245,2.6112106e-09,5.5163135e-10,-0.959452,3
214475874,214475463,0.99994814,0.007594307,0.0065565994,-0.0017515062,-0.28187245,2.6112106e-09,5.5163135e-10,-0.959452,3
214523662,214523259,0.99994576,0.0076335883,0.0069163376,-0.0015177127,-0.28187245,2.6112106e-09,5.5163135e-10,-0.959452,3
214571482,214571074,0.999957,0.0069542257,0.006072658,-0.000890356,-0.28187245,2.6112106e-09,5.5163135e-10,-0.959452,3
214624562,214624157,0.99996895,0.0067996904,0.003944347,-0.00060316816,-0.28187245,2.6112106e-09,5.5163135e-10,-0.959452,3
214677733,214677309,0.9999802,0.0062436243,0.0007865093,-0.00012600153,-0.28187245,2.6112106e-09,5.5163135e-10,-0.959452,3
214725593,214725152,0.9999809,0.0058653587,-0.0019351257,-1.4407358e-05,-0.28187245,2.6112106e-09,5.5163135e-10,-0.959452,3
214773384,214772969,0.9999734,0.0061025484,-0.0039883777,0.00025388435,-0.28187245,2.6112106e-09,5.5163135e-10,-0.959452,3
214826491,214826085,0.99997115,0.0061335205,-0.0044811848,0.00014860196,-0.28187245,2.6112106e-09,5.5163135e-10,-0.959452,3
214874386,214873942,0.99997133,0.006963848,-0.0029616305,0.00023120802,-0.28187245,2.6112106e-09,5.5163135e-10,-0.959452,3
214922078,214921668,0.9999697,0.007786084,0.00014117092,1.6189842e-05,-0.28187245,2.6112106e-09,5.5163135e-10,-0.959452,3
214975291,214974851,0.9999576,0.008246133,0.0040985458,0.00020848772,-0.28187245,2.6112106e-09,5.5163135e-10,-0.959452,3
215023098,215022662,0.9999374,0.008832732,0.006870727,-6.7816895e-06,-0.28187245,2.6112106e-09,5.5163135e-10,-0.959452,3
215076139,215075730,0.9999321,0.0082036685,0.008281787,0.00015946521,-0.28187245,2.6112106e-09,5.5163135e-10,-0.959452,3
215123982,215123566,0.99992895,0.008440577,0.008420708,-0.00022155244,-0.28187245,2.6112106e-09,5.5163135e-10,-0.959452,3
215177063,215176658,0.99994534,0.0075502996,0.0072379056,-3.1062606e-05,-0.28187245,2.6112106e-09,5.5163135e-10,-0.959452,3
215224931,215224508,0.9999592,0.007592204,0.004912449,-9.073887e-05,-0.28187245,2.6112106e-09,5.5163135e-10,-0.959452,3
215272749,215272337,0.99997336,0.007107813,0.0016616598,0.00014491356,-0.28187245,2.6112106e-09,5.5163135e-10,-0.959452,3
215320573,215320149,0.99997646,0.00667281,-0.0016338677,0.000106766325,-0.28187245,2.6112106e-09,5.5163135e-10,-0.959452,3
215373623,215373215,0.9999706,0.0064883847,-0.0040871864,-1.7976141e-05,-0.28187245,2.6112106e-09,5.5163135e-10,-0.959452,3
215426745,215426338,0.99996704,0.0060486835,-0.005399228,-0.0005525863,-0.28187245,2.6112106e-09,5.5163135e-10,-0.959452,3
215474617,215474176,0.999964,0.0065852366,-0.005283264,-0.00090118265,-0.28187245,2.6112106e-09,5.5163135e-10,-0.959452,3
215527764,215527320,0.9999679,0.006609501,-0.004206847,-0.0016855719,-0.28187245,2.6112106e-09,5.5163135e-10,-0.959452,3
215575480,215575066,0.99997026,0.007053139,-0.0022630272,-0.0021505598,-0.28187245,2.6112106e-09,5.5163135e-10,-0.959452,3
215623350,215622943,0.99997014,0.007186558,-0.00013289611,-0.0028659508,-0.28187245,2.6112106e-09,5.5163135e-10,-0.959452,3
215671125,215670720,0.9999614,0.007783022,0.0023193075,-0.0033807992,-0.28187245,2.6112106e-09,5.5163135e-10,-0.959452,3
215724284,215723851,0.999946,0.008319281,0.004668841,-0.0041218265,-0.28187245,2.6112106e-09,5.5163135e-10,-0.959452,3
215772173,215771694,0.99993294,0.008534203,0.0064705866,-0.0044141053,-0.28187245,2.6112106e-09,5.5163135e-10,-0.959452,3
215825238,215824818,0.9999177,0.009026338,0.0076380307,-0.0049828915,-0.28187245,2.6112106e-09,5.5163135e-10,-0.959452,3
215878396,215877945,0.9999184,0.008647342,0.0077183396,-0.005388738,-0.28187245,2.6112106e-09,5.5163135e-10,-0.959452,3
215926144,215925741,0.9999224,0.008601259,0.007041836,-0.0056314548,-0.28187245,2.6112106e-09,5.5163135e-10,-0.959452,3
215973927,215973510,0.9999337,0.0076709855,0.0061967773,-0.0059523145,-0.28187245,2.6112106e-09,5.5163135e-10,-0.959452,3
216021776,216021321,0.9999367,0.008034341,0.0052314578,-0.005887617,-0.28187245,2.6112106e-09,5.5163135e-10,-0.959452,3
216074921,216074488,0.9999398,0.007924755,0.004436306,-0.006165847,-0.28187245,2.6112106e-09,5.5163135e-10,-0.959452,3
216122650,216122238,0.99994296,0.007839572,0.0041075307,-0.0059950813,-0.28187245,2.6112106e-09,5.5163135e-10,-0.959452,3
216175862,216175451,0.99994123,0.008122664,0.0039690468,-0.0059974794,-0.28187245,2.6112106e-09,5.5163135e-10,-0.959452,3
216223605,216223200,0.9999453,0.0077295266,0.004053051,-0.00577543,-0.28187245,2.6112106e-09,5.5163135e-10,-0.959452,3
216276738,216276330,0.99994946,0.0075216675,0.0038042208,-0.0054833028,-0.28187245,2.6112106e-09,5.5163135e-10,-0.959452,3
216324556,216324151,0.9999584,0.006925583,0.002907053,-0.005182706,-0.28187245,2.6112106e-09,5.5163135e-10,-0.959452,3
216372402,216371979,0.9999723,0.0056522987,0.00086295436,-0.004777516,-0.28187245,2.6112106e-09,5.5163135e-10,-0.959452,3
216425520,216425058,0.99997437,0.005269594,-0.0020280688,-0.0044020386,-0.28187245,2.6112106e-09,5.5163135e-10,-0.959452,3
216473365,216472918,0.99996954,0.00493882,-0.0045467974,-0.004000097,-0.28187245,2.6112106e-09,5.5163135e-10,-0.959452,3
216521123,216520688,0.9999619,0.0050758375,-0.0061397725,-0.0035788931,-0.28187245,2.6112106e-09,5.5163135e-10,-0.959452,3
216574224,216573818,0.9999596,0.0053205425,-0.006520327,-0.003183,-0.28187245,2.6112106e-09,5.5163135e-10,-0.959452,3
216627381,216626970,0.9999632,0.005811722,-0.0055794804,-0.0029501708,-0.28187245,2.6112106e-09,5.5163135e-10,-0.959452,3
216675221,216674790,0.99996895,0.0064543663,-0.0037502232,-0.0025220148,-0.28187245,2.6112106e-09,5.5163135e-10,-0.959452,3
216722990,216722548,0.99996907,0.007410567,-0.0011822849,-0.0023916985,-0.28187245,2.6112106e-09,5.5163135e-10,-0.959452,3
216776073,216775665,0.99996513,0.0077339113,0.002188646,-0.0022784534,-0.28187245,2.6112106e-09,5.5163135e-10,-0.959452,3
216823928,216823510,0.9999426,0.009020439,0.0052926317,-0.0023616143,-0.28187245,2.6112106e-09,5.5163135e-10,-0.959452,3
216871773,216871351,0.9999238,0.009190391,0.007902305,-0.002343242,-0.28187245,2.6112106e-09,5.5163135e-10,-0.959452,3
216924905,216924492,0.99991775,0.009056956,0.008819009,-0.0022082292,-0.28187245,2.6112106e-09,5.5163135e-10,-0.959452,3
216972714,216972287,0.9999342,0.0085937055,0.0073345285,-0.0020262995,-0.28187245,2.6112106e-09,5.5163135e-10,-0.959452,3
217025797,217025359,0.99996334,0.007435846,0.00382767,-0.0018426597,-0.28187245,2.6112106e-09,5.5163135e-10,-0.959452,3
217073580,217073178,0.99997574,0.006678371,0.0009973679,-0.0017162124,-0.28187245,2.6112106e-09,5.5163135e-10,-0.959452,3
217126740,217126307,0.9999764,0.006617793,-0.00025383907,-0.0018294227,-0.28187245,2.6112106e-09,5.5163135e-10,-0.959452,3
217174598,217174150,0.999975,0.0067420932,0.00069493474,-0.0019969658,-0.28187245,2.6112106e-09,5.5163135e-10,-0.959452,3
217222425,217221962,0.999963,0.007913011,0.002680612,-0.0020753886,-0.28187245,2.6112106e-09,5.5163135e-10,-0.959452,3
217275503,217275049,0.99994403,0.009010757,0.0050623575,-0.0022577394,-0.28187245,2.6112106e-09,5.5163135e-10,-0.959452,3
217323255,217322847,0.9999362,0.00894528,0.0065719374,-0.0020863784,-0.28187245,2.6112106e-09,5.5163135e-10,-0.959452,3
217376403,217375992,0.9999422,0.008458837,0.0063709207,-0.0019234564,-0.28187245,2.6112106e-09,5.5163135e-10,-0.959452,3
217424220,217423817,0.99996096,0.007530865,0.004395465,-0.0014555329,-0.28187245,2.6112106e-09,5.5163135e-10,-0.959452,3
217477356,217476945,0.9999763,0.006713516,0.0010786733,-0.0011629139,-0.28187245,2.6112106e-09,5.5163135e-10,-0.959452,3
217525172,217524743,0.9999751,0.00689012,-0.001350886,-0.00082804635,-0.28187245,2.6112106e-09,5.5163135e-10,-0.959452,3
217573065,217572582,0.9999705,0.007412072,-0.0019232491,-0.00067559804,-0.28187245,2.6112106e-09,5.5163135e-10,-0.959452,3
217626153,217625709,0.9999695,0.0078029893,-0.00016378862,-0.00052716985,-0.28187245,2.6112106e-09,5.5163135e-10,-0.959452,3
217673902,217673480,0.99996495,0.008079017,0.002190316,-0.00022652514,-0.28187245,2.6112106e-09,5.5163135e-10,-0.959452,3
217721696,217721292,0.99995446,0.008773496,0.0037585143,0.00011964298,-0.28187245,2.6112106e-09,5.5163135e-10,-0.959452,3
217774798,217774393,0.99995965,0.008296703,0.0033449263,0.0009005161,-0.28187245,2.6112106e-09,5.5163135e-10,-0.959452,3
217827948,217827506,0.9999672,0.007879086,0.0011070429,0.0015293176,-0.28187245,2.6112106e-09,5.5163135e-10,-0.959452,3
217875854,217875324,0.999971,0.007279835,-0.00091080193,0.002097725,-0.28187245,2.6112106e-09,5.5163135e-10,-0.959452,3
217923604,217923169,0.99996805,0.00741492,-0.001261863,0.0027180277,-0.28187245,2.6112106e-09,5.5163135e-10,-0.959452,3
217976836,217976345,0.9999637,0.007922867,0.00030536597,0.003143805,-0.28187245,2.6112106e-09,5.5163135e-10,-0.959452,3
218024462,218024056,0.9999585,0.008007841,0.0023535066,0.0036595757,-0.28187245,2.6112106e-09,5.5163135e-10,-0.959452,3
218072385,218071954,0.99995255,0.008014207,0.0035677438,0.0042300443,-0.28187245,2.6112106e-09,5.5163135e-10,-0.959452,3
218125412,218125005,0.9999516,0.008044029,0.0031207213,0.004742801,-0.28187245,2.6112106e-09,5.5163135e-10,-0.959452,3
218173266,218172817,0.9999551,0.0076434407,0.0011391618,0.0054865573,-0.28187245,2.6112106e-09,5.5163135e-10,-0.959452,3
218226466,218225979,0.9999557,0.0070988806,-0.0009818613,0.0061066067,-0.28187245,2.6112106e-09,5.5163135e-10,-0.959452,3
218274242,218273814,0.9999525,0.0069311294,-0.0015219123,0.006696952,-0.28187245,2.6112106e-09,5.5163135e-10,-0.959452,3
218327322,218326918,0.9999464,0.0073521575,-0.00044743015,0.007280078,-0.28187245,2.6112106e-09,5.5163135e-10,-0.959452,3
218375147,218374716,0.9999405,0.007700003,0.0017979325,0.0075176368,-0.28187245,2.6112106e-09,5.5163135e-10,-0.959452,3
218422988,218422523,0.99992913,0.007965931,0.0038576869,0.007968051,-0.28187245,2.6112106e-09,5.5163135e-10,-0.959452,3
218470744,218470336,0.9999203,0.0084207645,0.004806906,0.008091143,-0.28187245,2.6112106e-09,5.5163135e-10,-0.959452,3
218523898,218523484,0.99992204,0.008308427,0.004197864,0.008329466,-0.28187245,2.6112106e-09,5.5163135e-10,-0.959452,3
218577083,218576626,0.99993217,0.007697722,0.002234924,0.008462396,-0.28187245,2.6112106e-09,5.5163135e-10,-0.959452,3
218624814,218624383,0.99993443,0.007830049,6.7736844e-05,0.008364108,-0.28187245,2.6112106e-09,5.5163135e-10,-0.959452,3
218677979,218677536,0.9999278,0.008489084,-0.0020932923,0.008241033,-0.28187245,2.6112106e-09,5.5163135e-10,-0.959452,3
218725746,218725316,0.9999281,0.00818472,-0.0033209436,0.008114804,-0.28187245,2.6112106e-09,5.5163135e-10,-0.959452,3
218773608,218773165,0.9999242,0.0086869905,-0.0039573056,0.0077785417,-0.28187245,2.6112106e-09,5.5163135e-10,-0.959452,3
218821433,218821002,0.9999013,0.011314311,-0.0034370164,0.0075986157,-0.28187245,2.6112106e-09,5.5163135e-10,-0.959452,3
218874464,218874056,0.99983513,0.016565308,-0.0015206782,0.0072851717,-0.28187245,2.6112106e-09,5.5163135e-10,-0.959452,3
218922261,218921853,0.999703,0.02332863,0.0015721836,0.006873849,-0.28187245,2.6112106e-09,5.5163135e-10,-0.959452,3
218975429,218975021,0.9993968,0.033595085,0.00613301,0.0063190856,-0.28187245,2.6112106e-09,5.5163135e-10,-0.959452,3
219023281,219022845,0.99897176,0.043772973,0.010383345,0.0056228344,-0.28187245,2.6112106e-09,5.5163135e-10,-0.959452,3
219076400,219075970,0.99834245,0.055455353,0.014483928,0.00522999,-0.28187245,2.6112106e-09,5.5163135e-10,-0.959452,3
219124193,219123769,0.9976528,0.06620209,0.016758917,0.0050245086,-0.28187245,2.6112106e-09,5.5163135e-10,-0.959452,3
219171995,219171575,0.9969193,0.07636907,0.017200662,0.0048953746,-0.28187245,2.6112106e-09,5.5163135e-10,-0.959452,3
219225124,219224715,0.9961869,0.0857811,0.015098506,0.0050273594,-0.28187245,2.6112106e-09,5.5163135e-10,-0.959452,3
219272970,219272522,0.9954854,0.09403735,0.011773964,0.005203017,-0.28187245,2.6112106e-09,5.5163135e-10,-0.959452,3
219326061,219325608,0.9946699,0.102628775,0.008292637,0.0055135507,-0.28187245,2.6112106e-09,5.5163135e-10,-0.959452,3
219373860,219373403,0.9939684,0.10929713,0.0065707313,0.0061592604,-0.28187245,2.6112106e-09,5.5163135e-10,-0.959452,3
219426986,219426531,0.99337524,0.11453641,0.006475295,0.0067250202,-0.28187245,2.6112106e-09,5.5163135e-10,-0.959452,3
219474735,219474332,0.99305737,0.11714443,0.007254202,0.007862158,-0.28187245,2.6112106e-09,5.5163135e-10,-0.959452,3
219522562,219522154,0.9929115,0.11825861,0.007527024,0.009225674,-0.28187245,2.6112106e-09,5.5163135e-10,-0.959452,3
219575700,219575292,0.9930012,0.117408685,0.006245665,0.011174917,-0.28187245,2.6112106e-09,5.5163135e-10,-0.959452,3
219623524,219623089,0.99333763,0.114422604,0.0027182973,0.013431813,-0.28187245,2.6112106e-09,5.5163135e-10,-0.959452,3
219671327,219670921,0.993774,0.11026959,-0.0026981416,0.015707128,-0.28187245,2.6112106e-09,5.5163135e-10,-0.959452,3
219724481,219724074,0.9942287,0.10523274,-0.009407507,0.01862107,-0.28187245,2.6112106e-09,5.5163135e-10,-0.959452,3
219772325,219771917,0.9946036,0.100260764,-0.015544058,0.021679038,-0.28187245,2.6112106e-09,5.5163135e-10,-0.959452,3
219825353,219824948,0.994986,0.09435295,-0.021372503,0.025368853,-0.28187245,2.6112106e-09,5.5163135e-10,-0.959452,3
219873259,219872806,0.9952895,0.08900177,-0.024890807,0.029291494,-0.28187245,2.6112106e-09,5.5163135e-10,-0.959452,3
219926363,219925956,0.9956384,0.08268128,-0.026717205,0.033976965,-0.28187245,2.6112106e-09,5.5163135e-10,-0.959452,3
219974222,219973769,0.9959097,0.07721276,-0.026931439,0.038428247,-0.28187245,2.6112106e-09,5.5163135e-10,-0.959452,3
220021955,220021541,0.9961471,0.07140003,-0.027004058,0.0431719,-0.28187245,2.6112106e-09,5.5163135e-10,-0.959452,3
220075065,220074623,0.99628156,0.065323636,-0.028255722,0.048555184,-0.28187245,2.6112106e-09,5.5163135e-10,-0.959452,3
220122999,220122516,0.9963223,0.059167568,-0.031594224,0.053320557,-0.28187245,2.6112106e-09,5.5163135e-10,-0.959452,3
220176035,220175623,0.99626195,0.051456887,-0.037565235,0.058337934,-0.28187245,2.6112106e-09,5.5163135e-10,-0.959452,3
220223887,220223459,0.9961666,0.043808818,-0.043337688,0.062087797,-0.28187245,2.6112106e-09,5.5163135e-10,-0.959452,3
220276941,220276509,0.9960563,0.03475741,-0.04890736,0.06535906,-0.28187245,2.6112106e-09,5.5163135e-10,-0.959452,3
220324735,220324331,0.9960081,0.026166245,-0.052468035,0.067308165,-0.28187245,2.6112106e-09,5.5163135e-10,-0.959452,3
220372586,220372175,0.9960755,0.01715711,-0.054118436,0.06790041,-0.28187245,2.6112106e-09,5.5163135e-10,-0.959452,3
220425709,220425302,0.99625033,0.0073378785,-0.053970277,0.067221254,-0.28187245,2.6112106e-09,5.5163135e-10,-0.959452,3
220473528,220473124,0.99642324,-0.00023866171,-0.05343147,0.06546535,-0.28187245,2.6112106e-09,5.5163135e-10,-0.959452,3
220521400,220520954,0.99658376,-0.0056430553,-0.053496804,0.06266676,-0.28187245,2.6112106e-09,5.5163135e-10,-0.959452,3
220574475,220574029,0.9967403,-0.009440178,-0.054829586,0.058424648,-0.28187245,2.6112106e-09,5.5163135e-10,-0.959452,3
220627626,220627169,0.9968828,-0.011031287,-0.057418555,0.052972075,-0.28187245,2.6112106e-09,5.5163135e-10,-0.959452,3
220675410,220675000,0.9970236,-0.0107386615,-0.06011159,0.047067933,-0.28187245,2.6112106e-09,5.5163135e-10,-0.959452,3
220723229,220722819,0.9972438,-0.008940302,-0.06161797,0.04035066,-0.28187245,2.6112106e-09,5.5163135e-10,-0.959452,3
220776380,220775945,0.99757296,-0.006089111,-0.061550632,0.0319793,-0.28187245,2.6112106e-09,5.5163135e-10,-0.959452,3
220824174,220823715,0.99795496,-0.0026213462,-0.05930513,0.023707546,-0.28187245,2.6112106e-09,5.5163135e-10,-0.959452,3
220871969,220871521,0.9983832,0.00081853865,-0.054838758,0.014933869,-0.28187245,2.6112106e-09,5.5163135e-10,-0.959452,3
220925103,220924658,0.9987854,0.0045144516,-0.048863813,0.004446556,-0.28187245,2.6112106e-09,5.5163135e-10,-0.959452,3
220972894,220972434,0.9989658,0.007822105,-0.04447205,-0.005334181,-0.28187245,2.6112106e-09,5.5163135e-10,-0.959452,3
221026005,221025563,0.9989392,0.010204961,-0.041945722,-0.016031936,-0.28187245,2.6112106e-09,5.5163135e-10,-0.959452,3
221073811,221073390,0.99871075,0.011080985,-0.04242583,-0.02557461,-0.28187245,2.6112106e-09,5.5163135e-10,-0.959452,3
221126946,221126532,0.9982942,0.011045151,-0.044572465,-0.036055874,-0.28187245,2.6112106e-09,5.5163135e-10,-0.959452,3
221174713,221174292,0.9978523,0.010614781,-0.04623593,-0.045170065,-0.28187245,2.6112106e-09,5.5163135e-10,-0.959452,3
221222595,221222184,0.9974265,0.009475358,-0.045668658,-0.05445201,-0.28187245,2.6112106e-09,5.5163135e-10,-0.959452,3
221270384,221269979,0.9970372,0.008484887,-0.04295881,-0.06324155,-0.28187245,2.6112106e-09,5.5163135e-10,-0.959452,3
221323468,221323064,0.9965767,0.007890716,-0.038880784,-0.07253175,-0.28187245,2.6112106e-09,5.5163135e-10,-0.959452,3
221376576,221376153,0.99605125,0.0074286987,-0.035881404,-0.080866516,-0.28187245,2.6112106e-09,5.5163135e-10,-0.959452,3
221424457,221424051,0.99554497,0.0072177653,-0.03450883,-0.08744868,-0.28187245,2.6112106e-09,5.5163135e-10,-0.959452,3
221477588,221477126,0.99496454,0.007759667,-0.03385054,-0.09401938,-0.28187245,2.6112106e-09,5.5163135e-10,-0.959452,3
221525394,221524922,0.99448967,0.009703572,-0.033103783,-0.09899661,-0.28187245,2.6112106e-09,5.5163135e-10,-0.959452,3
221573159,221572718,0.99405855,0.013127335,-0.031668615,-0.103307985,-0.28187245,2.6112106e-09,5.5163135e-10,-0.959452,3
221621048,221620611,0.99367565,0.017309634,-0.030236911,-0.106746994,-0.28187245,2.6112106e-09,5.5163135e-10,-0.959452,3
221674202,221673781,0.9933476,0.02176589,-0.029981088,-0.10903202,-0.28187245,2.6112106e-09,5.5163135e-10,-0.959452,3
221721977,221721524,0.99315983,0.0241612,-0.032208942,-0.1096007,-0.28187245,2.6112106e-09,5.5163135e-10,-0.959452,3
221775082,221774627,0.9930201,0.025000012,-0.03813815,-0.108773,-0.28187245,2.6112106e-09,5.5163135e-10,-0.959452,3
221828234,221827789,0.9928892,0.023180934,-0.048348933,-0.106283344,-0.28187245,2.6112106e-09,5.5163135e-10,-0.959452,3
221875950,221875538,0.99266577,0.019293638,-0.059984434,-0.10317173,-0.28187245,2.6112106e-09,5.5163135e-10,-0.959452,3
221923766,221923355,0.99233395,0.01425644,-0.071991295,-0.09943595,-0.28187245,2.6112106e-09,5.5163135e-10,-0.959452,3
221971601,221971174,0.99193627,0.009459368,-0.08334406,-0.095010005,-0.28187245,2.6112106e-09,5.5163135e-10,-0.959452,3
222024743,222024312,0.9914138,0.00408585,-0.09526141,-0.08948424,-0.28187245,2.6112106e-09,5.5163135e-10,-0.959452,3
222072558,222072149,0.99088836,-0.0016636191,-0.10532998,-0.08392333,-0.28187245,2.6112106e-09,5.5163135e-10,-0.959452,3
222125697,222125288,0.9901633,-0.009163495,-0.116314664,-0.07722407,-0.28187245,2.6112106e-09,5.5163135e-10,-0.959452,3
222173428,222173016,0.98939264,-0.016626146,-0.12557669,-0.07110892,-0.28187245,2.6112106e-09,5.5163135e-10,-0.959452,3
222226622,222226174,0.98869133,-0.024796989,-0.13321398,-0.06425381,-0.28187245,2.6112106e-09,5.5163135e-10,-0.959452,3
222274479,222274018,0.98833454,-0.031987015,-0.13719139,-0.05788172,-0.28187245,2.6112106e-09,5.5163135e-10,-0.959452,3
222322304,222321826,0.98817706,-0.039624676,-0.13887736,-0.05146963,-0.28187245,2.6112106e-09,5.5163135e-10,-0.959452,3
222375428,222374969,0.98815745,-0.04924435,-0.1385027,-0.044010982,-0.28187245,2.6112106e-09,5.5163135e-10,-0.959452,3
222423137,222422728,0.98818094,-0.05926655,-0.1364775,-0.036876332,-0.28187245,2.6112106e-09,5.5163135e-10,-0.959452,3
222470941,222470525,0.98816866,-0.071698606,-0.13233875,-0.029469572,-0.28187245,2.6112106e-09,5.5163135e-10,-0.959452,3
222524102,222523693,0.98825496,-0.08673798,-0.1240466,-0.021005247,-0.28187245,2.6112106e-09,5.5163135e-10,-0.959452,3
222577179,222576768,0.9886828,-0.10101058,-0.1102493,-0.012183505,-0.28187245,2.6112106e-09,5.5163135e-10,-0.959452,3
222625031,222624591,0.9892019,-0.112815216,-0.09348303,-0.0036472597,-0.28187245,2.6112106e-09,5.5163135e-10,-0.959452,3
222672803,222672396,0.9895078,-0.12405742,-0.07382402,0.005853009,-0.28187245,2.6112106e-09,5.5163135e-10,-0.959452,3
222725962,222725546,0.98926836,-0.13589048,-0.05077524,0.017428514,-0.28187245,2.6112106e-09,5.5163135e-10,-0.959452,3
222773744,222773330,0.988676,-0.14434521,-0.02927427,0.028763628,-0.28187245,2.6112106e-09,5.5163135e-10,-0.959452,3
222821580,222821173,0.98771393,-0.15072492,-0.006569337,0.040744107,-0.28187245,2.6112106e-09,5.5163135e-10,-0.959452,3
222874660,222874257,0.9864137,-0.15375297,0.01996306,0.05430996,-0.28187245,2.6112106e-09,5.5163135e-10,-0.959452,3
222922526,222922075,0.98514014,-0.15222847,0.043454386,0.066611916,-0.28187245,2.6112106e-09,5.5163135e-10,-0.959452,3
222975721,222975248,0.9835514,-0.14702795,0.06716577,0.080611534,-0.28187245,2.6112106e-09,5.5163135e-10,-0.959452,3
223023478,223023022,0.9819612,-0.14049092,0.08496232,0.09378676,-0.28187245,2.6112106e-09,5.5163135e-10,-0.959452,3
223076533,223076127,0.9802342,-0.13158797,0.10009427,0.108658895,-0.28187245,2.6112106e-09,5.5163135e-10,-0.959452,3
223124355,223123945,0.9789792,-0.121558756,0.109509684,0.12178282,-0.28187245,2.6112106e-09,5.5163135e-10,-0.959452,3
223172193,223171763,0.9778536,-0.10995446,0.11675362,0.13446583,-0.28187245,2.6112106e-09,5.5163135e-10,-0.959452,3
223225326,223224890,0.9764668,-0.09716477,0.12350018,0.147714,-0.28187245,2.6112106e-09,5.5163135e-10,-0.959452,3
223273129,223272717,0.9750551,-0.08658078,0.12883404,0.1586608,-0.28187245,2.6112106e-09,5.5163135e-10,-0.959452,3
223326258,223325847,0.9735476,-0.07590957,0.13338828,0.16926429,-0.28187245,2.6112106e-09,5.5163135e-10,-0.959452,3
223374057,223373648,0.9724416,-0.066796415,0.13552488,0.17756279,-0.28187245,2.6112106e-09,5.5163135e-10,-0.959452,3
223427225,223426815,0.9717546,-0.056997534,0.13459095,0.18528262,-0.28187245,2.6112106e-09,5.5163135e-10,-0.959452,3
223475052,223474635,0.971457,-0.048709463,0.13174462,0.19115984,-0.28187245,2.6112106e-09,5.5163135e-10,-0.959452,3
223522899,223522388,0.97118413,-0.041669253,0.12880261,0.19615006,-0.28187245,2.6112106e-09,5.5163135e-10,-0.959452,3
223575937,223575488,0.9708048,-0.035911582,0.12668541,0.20049718,-0.28187245,2.6112106e-09,5.5163135e-10,-0.959452,3
223623731,223623298,0.9705533,-0.03281959,0.12486016,0.20336968,-0.28187245,2.6112106e-09,5.5163135e-10,-0.959452,3
223671533,223671127,0.97066253,-0.0305203,0.121983275,0.20494583,-0.28187245,2.6112106e-09,5.5163135e-10,-0.959452,3
223724664,223724223,0.9713885,-0.028499765,0.11642911,0.20502786,-0.28187245,2.6112106e-09,5.5163135e-10,-0.959452,3
223777756,223777351,0.9725893,-0.026051402,0.10990868,0.20325212,-0.28187245,2.6112106e-09,5.5163135e-10,-0.959452,3
223825628,223825175,0.97380275,-0.024127202,0.10481949,0.2003476,-0.28187245,2.6112106e-09,5.5163135e-10,-0.959452,3
223873417,223873003,0.9751356,-0.022327615,0.10085348,0.19606319,-0.28187245,2.6112106e-09,5.5163135e-10,-0.959452,3
223926561,223926150,0.97682065,-0.020264447,0.09644852,0.19002211,-0.28187245,2.6112106e-09,5.5163135e-10,-0.959452,3
223974373,223973941,0.97861505,-0.01755401,0.09141064,0.18343587,-0.28187245,2.6112106e-09,5.5163135e-10,-0.959452,3
224022168,224021762,0.980589,-0.014065977,0.08554789,0.17586666,-0.28187245,2.6112106e-09,5.5163135e-10,-0.959452,3
224075338,224074927,0.98279077,-0.008809584,0.07979087,0.16636759,-0.28187245,2.6112106e-09,5.5163135e-10,-0.959452,3
224123169,224122723,0.9845929,-0.0039616646,0.07672181,0.15708263,-0.28187245,2.6112106e-09,5.5163135e-10,-0.959452,3
224176307,224175854,0.98640144,0.0016779277,0.07512495,0.14616992,-0.28187245,2.6112106e-09,5.5163135e-10,-0.959452,3
224224028,224223626,0.9879442,0.0061270646,0.07357266,0.13607322,-0.28187245,2.6112106e-09,5.5163135e-10,-0.959452,3
224277191,224276763,0.98961735,0.010883059,0.07062034,0.12470738,-0.28187245,2.6112106e-09,5.5163135e-10,-0.959452,3
224324948,224324538,0.99102086,0.015111312,0.06754234,0.11439979,-0.28187245,2.6112106e-09,5.5163135e-10,-0.959452,3
224372794,224372388,0.99222654,0.01918047,0.0650892,0.1043174,-0.28187245,2.6112106e-09,5.5163135e-10,-0.959452,3
224420587,224420177,0.9931807,0.023761984,0.06371766,0.09469824,-0.28187245,2.6112106e-09,5.5163135e-10,-0.959452,3
224473742,224473303,0.9940392,0.030247176,0.06198986,0.08443062,-0.28187245,2.6112106e-09,5.5163135e-10,-0.959452,3
224526791,224526385,0.9948346,0.03740503,0.057621762,0.074731305,-0.28187245,2.6112106e-09,5.5163135e-10,-0.959452,3
224574611,224574207,0.99551404,0.043695085,0.0515774,0.06620008,-0.28187245,2.6112106e-09,5.5163135e-10,-0.959452,3
224627784,224627380,0.99607676,0.051010802,0.044287857,0.057164136,-0.28187245,2.6112106e-09,5.5163135e-10,-0.959452,3
224675559,224675130,0.9963717,0.05780153,0.038569324,0.04914168,-0.28187245,2.6112106e-09,5.5163135e-10,-0.959452,3
224723470,224723024,0.99644494,0.06496965,0.034003973,0.041474365,-0.28187245,2.6112106e-09,5.5163135e-10,-0.959452,3
224771225,224770817,0.996407,0.07161996,0.029514547,0.034244448,-0.28187245,2.6112106e-09,5.5163135e-10,-0.959452,3
224824358,224823946,0.9963385,0.077663206,0.02356334,0.026886104,-0.28187245,2.6112106e-09,5.5163135e-10,-0.959452,3
224872120,224871709,0.9962671,0.08213535,0.016747003,0.020619784,-0.28187245,2.6112106e-09,5.5163135e-10,-0.959452,3
224925296,224924865,0.99615914,0.08598591,0.0082539525,0.014329217,-0.28187245,2.6112106e-09,5.5163135e-10,-0.959452,3
224978368,224977959,0.99604475,0.08841683,0.0018558622,0.008598049,-0.28187245,2.6112106e-09,5.5163135e-10,-0.959452,3
225026354,225025841,0.9960069,0.08918462,-0.0012006542,0.0038660308,-0.28187245,2.6112106e-09,5.5163135e-10,-0.959452,3
225073980,225073568,0.9959986,0.08931058,-0.0032287901,-0.0003585236,-0.28187245,2.6112106e-09,5.5163135e-10,-0.959452,3
225121827,225121407,0.99613184,0.08757547,-0.005730736,-0.0043841284,-0.28187245,2.6112106e-09,5.5163135e-10,-0.959452,3
225175013,225174573,0.9963396,0.08450107,-0.009418015,-0.008847586,-0.28187245,2.6112106e-09,5.5163135e-10,-0.959452,3
225222851,225222395,0.99653536,0.08127221,-0.012164734,-0.012815586,-0.28187245,2.6112106e-09,5.5163135e-10,-0.959452,3
225275870,225275460,0.9967124,0.07794552,-0.013847402,-0.01724344,-0.28187245,2.6112106e-09,5.5163135e-10,-0.959452,3
225323720,225323270,0.99687976,0.0746831,-0.01460456,-0.020974135,-0.28187245,2.6112106e-09,5.5163135e-10,-0.959452,3
225376852,225376404,0.9970476,0.07057669,-0.016673855,-0.025239237,-0.28187245,2.6112106e-09,5.5163135e-10,-0.959452,3
225424584,225424178,0.9971947,0.06598734,-0.02002589,-0.029108694,-0.28187245,2.6112106e-09,5.5163135e-10,-0.959452,3
225472427,225472018,0.9973438,0.06047448,-0.023337863,-0.03322231,-0.28187245,2.6112106e-09,5.5163135e-10,-0.959452,3
225525601,225525190,0.99748206,0.054583095,-0.024766607,-0.037906308,-0.28187245,2.6112106e-09,5.5163135e-10,-0.959452,3
225573375,225572967,0.9975952,0.049341556,-0.024205394,-0.042229425,-0.28187245,2.6112106e-09,5.5163135e-10,-0.959452,3
225621199,225620792,0.99767274,0.043786038,-0.023756078,-0.046559386,-0.28187245,2.6112106e-09,5.5163135e-10,-0.959452,3
225674342,225673919,0.9976864,0.03781769,-0.023869568,-0.051204752,-0.28187245,2.6112106e-09,5.5163135e-10,-0.959452,3
225727411,225726999,0.9976078,0.032312885,-0.027498594,-0.054574292,-0.28187245,2.6112106e-09,5.5163135e-10,-0.959452,3
225775258,225774854,0.9973791,0.027340543,-0.03427722,-0.057555705,-0.28187245,2.6112106e-09,5.5163135e-10,-0.959452,3
225823096,225822684,0.99712634,0.022584232,-0.039809484,-0.06036709,-0.28187245,2.6112106e-09,5.5163135e-10,-0.959452,3
225876248,225875816,0.9969641,0.019055372,-0.041549146,-0.063033864,-0.28187245,2.6112106e-09,5.5163135e-10,-0.959452,3
225924097,225923622,0.99700826,0.017527439,-0.038091492,-0.064934455,-0.28187245,2.6112106e-09,5.5163135e-10,-0.959452,3
225971877,225971425,0.99718714,0.017516034,-0.029780604,-0.06651525,-0.28187245,2.6112106e-09,5.5163135e-10,-0.959452,3
226024920,226024506,0.9973587,0.020056764,-0.01618977,-0.06790656,-0.28187245,2.6112106e-09,5.5163135e-10,-0.959452,3
226072706,226072302,0.9973758,0.02267895,-0.002838659,-0.06869726,-0.28187245,2.6112106e-09,5.5163135e-10,-0.959452,3
226125833,226125430,0.9972759,0.024277393,0.0092548365,-0.06903453,-0.28187245,2.6112106e-09,5.5163135e-10,-0.959452,3
226173661,226173232,0.9972064,0.023805069,0.015271911,-0.06913496,-0.28187245,2.6112106e-09,5.5163135e-10,-0.959452,3
226226788,226226383,0.9972266,0.022665568,0.01643266,-0.06896066,-0.28187245,2.6112106e-09,5.5163135e-10,-0.959452,3
226274617,226274212,0.99731654,0.02063249,0.014614236,-0.068707,-0.28187245,2.6112106e-09,5.5163135e-10,-0.959452,3
226322431,226322020,0.99737316,0.019655393,0.012380837,-0.06860946,-0.28187245,2.6112106e-09,5.5163135e-10,-0.959452,3
226375585,226375173,0.9974026,0.01997821,0.010519976,-0.06839784,-0.28187245,2.6112106e-09,5.5163135e-10,-0.959452,3
226423383,226422979,0.9974493,0.020569634,0.0077272644,-0.06791217,-0.28187245,2.6112106e-09,5.5163135e-10,-0.959452,3
226476478,226476049,0.99755996,0.02088246,0.0032613373,-0.066539034,-0.28187245,2.6112106e-09,5.5163135e-10,-0.959452,3
226524306,226523859,0.9977203,0.020772027,0.00024355453,-0.064207904,-0.28187245,2.6112106e-09,5.5163135e-10,-0.959452,3
226577506,226577038,0.9981082,0.00725232,0.0048944294,-0.06085609,-0.28187245,2.6112106e-09,5.5163135e-10,-0.959452,3
226625252,226624819,0.99788594,0.0033518781,0.01834717,-0.062256373,-0.28187245,2.6112106e-09,5.5163135e-10,-0.959452,3
226673102,226672619,0.9979172,0.00915232,0.011794205,-0.06275842,-0.28187245,2.6112106e-09,5.5163135e-10,-0.959452,3
226726156,226725720,0.99797565,0.008444992,0.002880474,-0.06296906,-0.28187245,2.6112106e-09,5.5163135e-10,-0.959452,3
226773982,226773568,0.99794364,0.0056147403,0.0019877688,-0.06382013,-0.28187245,2.6112106e-09,5.5163135e-10,-0.959452,3
226821802,226821381,0.99799323,0.0022593967,0.004831659,-0.06309634,-0.28187245,2.6112106e-09,5.5163135e-10,-0.959452,3
226874928,226874502,0.99814475,0.0011136507,0.00514035,-0.060658008,-0.28187245,2.6112106e-09,5.5163135e-10,-0.959452,3
226922739,226922335,0.99831086,0.0025557606,0.0026362992,-0.05798304,-0.28187245,2.6112106e-09,5.5163135e-10,-0.959452,3
226975865,226975452,0.99849856,0.004720641,0.00047087317,-0.05457304,-0.28187245,2.6112106e-09,5.5163135e-10,-0.959452,3
227023675,227023269,0.99862254,0.00329724,0.005096018,-0.052116737,-0.28187245,2.6112106e-09,5.5163135e-10,-0.959452,3
227076795,227076386,0.9986201,0.0033572717,0.007935067,-0.051805787,-0.28187245,2.6112106e-09,5.5163135e-10,-0.959452,3
227124597,227124154,0.99858147,0.0039093043,0.005135976,-0.052854136,-0.28187245,2.6112106e-09,5.5163135e-10,-0.959452,3
227172393,227171982,0.99853987,0.0037201112,0.0061287633,-0.053542536,-0.28187245,2.6112106e-09,5.5163135e-10,-0.959452,3
227220235,227219814,0.9985082,0.0048629977,0.009485737,-0.053552486,-0.28187245,2.6112106e-09,5.5163135e-10,-0.959452,3
227273359,227272948,0.99852264,0.0051697865,0.009612615,-0.053229384,-0.28187245,2.6112106e-09,5.5163135e-10,-0.959452,3
227326553,227326090,0.99855644,0.0052272105,0.009650174,-0.052580528,-0.28187245,2.6112106e-09,5.5163135e-10,-0.959452,3
227374351,227373917,0.9985803,0.0049235197,0.009728045,-0.05213918,-0.28187245,2.6112106e-09,5.5163135e-10,-0.959452,3
227427440,227427003,0.998587,0.0045274906,0.008768529,-0.05221773,-0.28187245,2.6112106e-09,5.5163135e-10,-0.959452,3
227475225,227474820,0.99844366,0.004778708,0.010878559,-0.05449041,-0.28187245,2.6112106e-09,5.5163135e-10,-0.959452,3
227523076,227522644,0.9984314,0.0049998383,0.011045822,-0.05466164,-0.28187245,2.6112106e-09,5.5163135e-10,-0.959452,3
227570792,227570386,0.99853456,0.0051099,0.011468989,-0.052641008,-0.28187245,2.6112106e-09,5.5163135e-10,-0.959452,3
227623960,227623512,0.99846965,0.005011764,0.012738661,-0.053581905,-0.28187245,2.6112106e-09,5.5163135e-10,-0.959452,3
227671797,227671340,0.9984545,0.0049723107,0.012737145,-0.053866576,-0.28187245,2.6112106e-09,5.5163135e-10,-0.959452,3
227724947,227724498,0.9984967,0.0048848237,0.012642517,-0.05311044,-0.28187245,2.6112106e-09,5.5163135e-10,-0.959452,3
227778022,227777572,0.9984957,0.0049023614,0.012488103,-0.053163577,-0.28187245,2.6112106e-09,5.5163135e-10,-0.959452,3
227825794,227825389,0.9984646,0.004909412,0.012421677,-0.053760685,-0.28187245,2.6112106e-09,5.5163135e-10,-0.959452,3
227873620,227873213,0.99846506,0.0049806205,0.012720396,-0.053675056,-0.28187245,2.6112106e-09,5.5163135e-10,-0.959452,3
227921476,227921074,0.99849015,0.005028445,0.012864355,-0.053166114,-0.28187245,2.6112106e-09,5.5163135e-10,-0.959452,3
227974605,227974197,0.99847716,0.005023878,0.013009266,-0.053375147,-0.28187245,2.6112106e-09,5.5163135e-10,-0.959452,3
228022400,228021993,0.99847245,0.0049557383,0.012862028,-0.05350527,-0.28187245,2.6112106e-09,5.5163135e-10,-0.959452,3
228075579,228075125,0.99848276,0.00493569,0.012818002,-0.053325318,-0.28187245,2.6112106e-09,5.5163135e-10,-0.959452,3
228123404,228122967,0.9984299,0.004787556,0.013852413,-0.054065496,-0.28187245,2.6112106e-09,5.5163135e-10,-0.959452,3
228176465,228176048,0.9984047,0.004744327,0.015148889,-0.054185536,-0.28187245,2.6112106e-09,5.5163135e-10,-0.959452,3
228224264,228223852,0.9984513,0.00480439,0.015449642,-0.053228084,-0.28187245,2.6112106e-09,5.5163135e-10,-0.959452,3
228272125,228271671,0.9984268,0.0047110682,0.016276138,-0.053449877,-0.28187245,2.6112106e-09,5.5163135e-10,-0.959452,3
228325262,228324818,0.99840015,0.0046479353,0.016355507,-0.053926386,-0.28187245,2.6112106e-09,5.5163135e-10,-0.959452,3
228373058,228372611,0.99842656,0.004660768,0.01637784,-0.053429022,-0.28187245,2.6112106e-09,5.5163135e-10,-0.959452,3
228420768,228420360,0.9984317,0.004675031,0.016406579,-0.05332202,-0.28187245,2.6112106e-09,5.5163135e-10,-0.959452,3
228473929,228473520,0.9984072,0.004663134,0.016530044,-0.053740915,-0.28187245,2.6112106e-09,5.5163135e-10,-0.959452,3
228527059,228526654,0.99842006,0.0046650213,0.016779568,-0.053424954,-0.28187245,2.6112106e-09,5.5163135e-10,-0.959452,3
228574915,228574506,0.998426,0.0046972483,0.016866628,-0.05328199,-0.28187245,2.6112106e-09,5.5163135e-10,-0.959452,3
228622671,228622263,0.9984091,0.0046807146,0.016889907,-0.05359203,-0.28187245,2.6112106e-09,5.5163135e-10,-0.959452,3
228675790,228675383,0.9984171,0.004665569,0.016858557,-0.053454984,-0.28187245,2.6112106e-09,5.5163135e-10,-0.959452,3
228723587,228723180,0.9984267,0.0046643736,0.016883451,-0.05326841,-0.28187245,2.6112106e-09,5.5163135e-10,-0.959452,3
228771440,228771034,0.998416,0.0046461998,0.016989304,-0.053435612,-0.28187245,2.6112106e-09,5.5163135e-10,-0.959452,3
228824631,228824178,0.9984155,0.0046534776,0.017094932,-0.053409487,-0.28187245,2.6112106e-09,5.5163135e-10,-0.959452,3
228872400,228871924,0.99842614,0.00466585,0.017170204,-0.053186715,-0.28187245,2.6112106e-09,5.5163135e-10,-0.959452,3
228925520,228925075,0.9984203,0.0046662865,0.01715652,-0.05330045,-0.28187245,2.6112106e-09,5.5163135e-10,-0.959452,3
228973336,228972917,0.99841845,0.004666202,0.017171323,-0.053330828,-0.28187245,2.6112106e-09,5.5163135e-10,-0.959452,3
229026453,229026050,0.9984236,0.004722064,0.017238002,-0.053205892,-0.28187245,2.6112106e-09,5.5163135e-10,-0.959452,3
229074213,229073805,0.99841803,0.004720956,0.017312411,-0.053287696,-0.28187245,2.6112106e-09,5.5163135e-10,-0.959452,3
229122015,229121602,0.9984116,0.004691302,0.017357074,-0.053396046,-0.28187245,2.6112106e-09,5.5163135e-10,-0.959452,3
229175149,229174743,0.9984173,0.004736405,0.017342146,-0.053288896,-0.28187245,2.6112106e-09,5.5163135e-10,-0.959452,3
229223035,229222566,0.9984157,0.0046948506,0.017350966,-0.053320035,-0.28187245,2.6112106e-09,5.5163135e-10,-0.959452,3
229276072,229275665,0.9984134,0.004704456,0.017382778,-0.0533534,-0.28187245,2.6112106e-09,5.5163135e-10,-0.959452,3
229323904,229323487,0.99841857,0.0046875463,0.01741577,-0.053245995,-0.28187245,2.6112106e-09,5.5163135e-10,-0.959452,3
229377030,229376624,0.9984185,0.00467135,0.017494364,-0.05322245,-0.28187245,2.6112106e-09,5.5163135e-10,-0.959452,3
229424888,229424475,0.99841696,0.004649665,0.017550465,-0.053234395,-0.28187245,2.6112106e-09,5.5163135e-10,-0.959452,3
229472767,229472297,0.9984202,0.004653057,0.017592153,-0.05316024,-0.28187245,2.6112106e-09,5.5163135e-10,-0.959452,3
229525899,229525383,0.9984232,0.004647219,0.017588923,-0.05310651,-0.28187245,2.6112106e-09,5.5163135e-10,-0.959452,3
229573640,229573182,0.9984224,0.0046544084,0.017622102,-0.053109266,-0.28187245,2.6112106e-09,5.5163135e-10,-0.959452,3
229621465,229621034,0.99842304,0.0046196557,0.017692193,-0.053077646,-0.28187245,2.6112106e-09,5.5163135e-10,-0.959452,3
229674554,229674127,0.99842554,0.004579969,0.01772531,-0.053022914,-0.28187245,2.6112106e-09,5.5163135e-10,-0.959452,3
229727689,229727287,0.9984228,0.004544914,0.017775739,-0.053059302,-0.28187245,2.6112106e-09,5.5163135e-10,-0.959452,3
229775520,229775085,0.9984236,0.004547039,0.017764095,-0.053048473,-0.28187245,2.6112106e-09,5.5163135e-10,-0.959452,3
229823338,229822918,0.9984244,0.004557219,0.017791238,-0.05302464,-0.28187245,2.6112106e-09,5.5163135e-10,-0.959452,3
229876530,229876046,0.9984214,0.004515411,0.017828075,-0.053072404,-0.28187245,2.6112106e-09,5.5163135e-10,-0.959452,3
229924225,229923817,0.9984218,0.0045210733,0.017823316,-0.05306463,-0.28187245,2.6112106e-09,5.5163135e-10,-0.959452,3
229972031,229971616,0.9984217,0.004527732,0.017865432,-0.053051624,-0.28187245,2.6112106e-09,5.5163135e-10,-0.959452,3
230025190,230024788,0.99842346,0.00450111,0.017887723,-0.053013623,-0.28187245,2.6112106e-09,5.5163135e-10,-0.959452,3
230073075,230072586,0.9984241,0.00450597,0.017902903,-0.052996095,-0.28187245,2.6112106e-09,5.5163135e-10,-0.959452,3
230126185,230125672,0.9984272,0.0044909013,0.017874818,-0.05294911,-0.28187245,2.6112106e-09,5.5163135e-10,-0.959452,3
230173933,230173509,0.9984288,0.0044824374,0.017902518,-0.052909352,-0.28187245,2.6112106e-09,5.5163135e-10,-0.959452,3
230227082,230226645,0.9984302,0.004441522,0.01791344,-0.052883077,-0.28187245,2.6112106e-09,5.5163135e-10,-0.959452,3
230274837,230274388,0.99843365,0.004433265,0.017892905,-0.05282531,-0.28187245,2.6112106e-09,5.5163135e-10,-0.959452,3
230322700,230322250,0.9984334,0.0044375528,0.01790149,-0.052825756,-0.28187245,2.6112106e-09,5.5163135e-10,-0.959452,3
230370580,230370084,0.99843466,0.004443536,0.017923992,-0.052794926,-0.28187245,2.6112106e-09,5.5163135e-10,-0.959452,3
230423616,230423181,0.99843293,0.004462749,0.017888712,-0.05283732,-0.28187245,2.6112106e-09,5.5163135e-10,-0.959452,3
230476708,230476273,0.9984399,0.004481486,0.017928561,-0.05269058,-0.28187245,2.6112106e-09,5.5163135e-10,-0.959452,3
230524538,230524122,0.9984466,0.0044490388,0.017933115,-0.0525647,-0.28187245,2.6112106e-09,5.5163135e-10,-0.959452,3
230577626,230577209,0.9984386,0.004452326,0.017927362,-0.052717973,-0.28187245,2.6112106e-09,5.5163135e-10,-0.959452,3
230625444,230625025,0.9984404,0.0044726883,0.017927375,-0.05268302,-0.28187245,2.6112106e-09,5.5163135e-10,-0.959452,3
230673286,230672821,0.9984466,0.0044632205,0.01793758,-0.052563008,-0.28187245,2.6112106e-09,5.5163135e-10,-0.959452,3
230721071,230720653,0.99844426,0.004469966,0.01793739,-0.052606698,-0.28187245,2.6112106e-09,5.5163135e-10,-0.959452,3
230774195,230773771,0.99844486,0.0044436734,0.017916905,-0.05260346,-0.28187245,2.6112106e-09,5.5163135e-10,-0.959452,3
230822003,230821582,0.99845064,0.0044350387,0.017931245,-0.05249019,-0.28187245,2.6112106e-09,5.5163135e-10,-0.959452,3
230875174,230874759,0.99844795,0.004401746,0.01794868,-0.052538946,-0.28187245,2.6112106e-09,5.5163135e-10,-0.959452,3
230928271,230927824,0.99844795,0.0044063423,0.01796426,-0.05253201,-0.28187245,2.6112106e-09,5.5163135e-10,-0.959452,3
230976128,230975673,0.99845093,0.004406246,0.017977726,-0.052470807,-0.28187245,2.6112106e-09,5.5163135e-10,-0.959452,3
231024015,231023512,0.99844646,0.004385121,0.017967952,-0.052562222,-0.28187245,2.6112106e-09,5.5163135e-10,-0.959452,3
