timestamp,x,y,z,yaw,yawspeed,vx,vy,vz,acceleration[0],acceleration[1],acceleration[2],jerk[0],jerk[1],jerk[2],thrust[0],thrust[1],thrust[2]
192419456,nan,nan,nan,-0.017163295,0.0,nan,nan,nan,0.0,0.0,100.0,0.0,0.0,0.0,-0.0,-0.0,-0.001
192430032,nan,nan,nan,-0.017158287,0.0,nan,nan,nan,0.0,0.0,100.0,0.0,0.0,0.0,-0.0,-0.0,-0.001
192525658,nan,nan,nan,-0.017270751,0.0,nan,nan,nan,0.0,0.0,100.0,0.0,0.0,0.0,-0.0,-0.0,-0.001
192621228,nan,nan,nan,-0.017277833,0.0,nan,nan,nan,0.0,0.0,100.0,0.0,0.0,0.0,-0.0,-0.0,-0.001
192716854,nan,nan,nan,-0.017345382,0.0,nan,nan,nan,0.0,0.0,100.0,0.0,0.0,0.0,-0.0,-0.0,-0.001
192823213,nan,nan,nan,-0.017398337,0.0,nan,nan,nan,0.0,0.0,100.0,0.0,0.0,0.0,-0.0,-0.0,-0.001
192918745,nan,nan,nan,-0.017285146,0.0,nan,nan,nan,0.0,0.0,100.0,0.0,0.0,0.0,-0.0,-0.0,-0.001
193025007,nan,nan,nan,-0.016984683,0.0,nan,nan,nan,0.0,0.0,100.0,0.0,0.0,0.0,-0.0,-0.0,-0.001
193120629,nan,nan,nan,-0.017502304,0.0,nan,nan,nan,0.0,0.0,100.0,0.0,0.0,0.0,-0.0,-0.0,-0.001
193226831,nan,nan,nan,-0.017368611,0.0,nan,nan,nan,0.0,0.0,100.0,0.0,0.0,0.0,-0.0,-0.0,-0.001
193322433,nan,nan,nan,-0.017336208,0.0,nan,nan,nan,0.0,0.0,100.0,0.0,0.0,0.0,-0.0,-0.0,-0.001
193418102,-0.7809063,-0.8334367,-1.0,-0.0171374,0.0,0.0021079183,-0.0010524988,1.8771703,0.007236316,-0.018432818,9.578413,0.0,0.0,0.0,8.561144e-06,-2.1807504e-05,-0.01163686
193524345,-0.7809063,-0.8334367,-1.0,-0.0171374,0.0,0.0019917488,-0.0010104179,1.736856,0.007424852,-0.01735628,9.261964,0.0,0.0,0.0,2.0997628e-05,-4.9083905e-05,-0.027771277
193619937,-0.7809063,-0.8334367,-1.0,-0.0171374,0.0,0.0018767118,-0.0009096861,1.6107008,0.0037094401,-0.015239914,8.947879,0.0,0.0,0.0,1.638399e-05,-6.7312205e-05,-0.043785155
193726246,-0.7809063,-0.8334367,-1.0,-0.0171374,0.0,0.0016596913,-0.0006952882,1.4703641,0.0012369631,-0.0145943025,8.577508,0.0,0.0,0.0,7.965312e-06,-9.397869e-05,-0.062668815
193821804,-0.7809063,-0.8334367,-1.0,-0.0171374,0.0,0.0014027953,-0.00047791004,1.3441429,0.0011511168,-0.009972332,8.216693,0.0,0.0,0.0,9.628523e-06,-8.341362e-05,-0.08106526
193917498,-0.7809063,-0.8334367,-1.0,-0.0171374,0.0,0.0011815429,-0.00014537573,1.2178108,-0.0035002835,-0.0038145345,7.8295584,0.0,0.0,0.0,-4.7062564e-05,-5.128778e-05,-0.10080363
194023738,-0.7809063,-0.8334367,-1.0,-0.0171374,0.0,0.00088328123,0.0001731515,1.077552,-0.008419572,-0.0023473988,7.3734655,0.0,0.0,0.0,-0.00010106482,-2.8177135e-05,-0.12405789
194119290,-0.7809063,-0.8334367,-1.0,-0.0171374,0.0,0.00064623356,0.00043988228,0.9512634,0.0064494275,-0.0073720426,6.936036,0.0,0.0,0.0,9.9819896e-05,-0.00011409951,-0.14636059
194225567,-0.7809063,-0.8334367,-1.0,-0.0171374,0.0,0.0004454255,0.00073850155,0.81094533,-0.009755726,0.00021369732,6.4279723,0.0,0.0,0.0,-0.00017838913,3.9075803e-06,-0.17226464
194321144,-0.7809063,-0.8334367,-1.0,-0.0171374,0.0,0.00026029348,0.0009816289,0.68473583,0.0058473507,0.009892207,5.9401875,0.0,0.0,0.0,0.000114870694,0.00019433153,-0.19713473
194416750,-0.7809063,-0.8334367,-1.0,-0.0171374,0.0,0.00017368793,0.0011509061,0.55851185,-0.00391155,0.007760222,5.4329443,0.0,0.0,0.0,-8.488755e-05,0.00016841052,-0.22299694
194523057,-0.7809063,-0.8334367,-1.0,-0.0171374,0.0,2.0742416e-05,0.0013506413,0.41823977,-0.006634445,-0.0032585107,4.838475,0.0,0.0,0.0,-0.00017553369,-8.621345e-05,-0.25330642
194618627,-0.7809063,-0.8334367,-1.0,-0.0171374,0.0,1.513958e-05,0.0015105605,0.29195794,0.0070462823,0.018751623,4.2821865,0.0,0.0,0.0,0.00020525145,0.00054621685,-0.28166926
194724905,-0.7809063,-0.8334367,-1.0,-0.0171374,0.0,5.722046e-05,0.0015594959,0.15160926,-0.02740734,-0.0078183925,3.6326861,0.0,0.0,0.0,-0.00087444053,-0.00024944847,-0.31478456
194820586,-0.7809063,-0.8334367,-1.0,-0.0171374,0.0,0.00010377169,0.0015897155,0.025306154,-0.0015392655,0.0076717176,3.0271828,0.0,0.0,0.0,-5.249714e-05,0.00026164638,-0.34565663
194926791,-0.7809063,-0.8334367,-1.0,-0.0171374,0.0,0.00032061338,0.0016825199,-0.11494725,-0.0024567307,0.010857335,2.3198347,0.0,0.0,0.0,-9.646942e-05,0.00042633928,-0.38172135
195022397,-0.7809063,-0.8334367,-1.0,-0.0171374,0.0,0.0004900694,0.0016303062,-0.24123453,0.007387331,0.0019729435,1.6587135,0.0,0.0,0.0,0.00030986755,8.2756706e-05,-0.41542915
195118020,-0.7809063,-0.8334367,-1.0,-0.0171374,0.0,0.0007703304,0.0016618371,-0.3674479,0.010398011,-0.013057061,0.9927554,0.0,0.0,0.0,0.00048327932,-0.0006068668,-0.44938356
195224259,-0.7809063,-0.8334367,-1.0,-0.0171374,0.0,0.0012383461,0.0015825033,-0.50768054,0.05350045,-0.02409267,0.2820809,0.0,0.0,0.0,0.0026480155,-0.0011924715,-0.48561788
195319891,-0.7809063,-0.8334367,-1.0,-0.0171374,0.0,0.002560556,0.0017187595,-0.63401526,0.061029337,0.03123679,-0.35252476,0.0,0.0,0.0,0.0032235752,0.0016499301,-0.5179738
195426125,-0.7809063,-0.8334367,-1.0,-0.0171374,0.0,0.0055724382,0.0021871328,-0.7743388,0.13919267,-0.005563345,-1.1072345,0.0,0.0,0.0,0.007899479,-0.00031573162,-0.5564532
195521696,-0.7809063,-0.8334367,-1.0,-0.0171374,0.0,0.009948194,0.0023232102,-0.8627888,0.18286933,0.032527465,-1.4019375,0.0,0.0,0.0,0.010655864,0.0018953877,-0.5714789
195617362,-0.7809063,-0.8334367,-1.0,-0.0171374,0.0,0.017202497,0.0035402179,-0.8463664,0.4292094,0.14441882,-1.0893829,0.0,0.0,0.0,0.024314115,0.008181125,-0.55554307
195723582,-0.7809063,-0.8334367,-1.0,-0.0171374,0.0,0.033376276,0.012130082,-0.8225368,0.76745474,0.45800465,-1.0749018,0.0,0.0,0.0,0.043418054,0.025911197,-0.55480474
195819202,-0.7809063,-0.8334367,-1.0,-0.0171374,0.0,0.05361581,0.025505185,-0.8029191,0.7394139,0.49070504,-1.2201442,0.0,0.0,0.0,0.042390212,0.028131861,-0.56221
195925543,-0.7809063,-0.8334367,-1.0,-0.0171374,0.0,0.075139105,0.04083723,-0.7805359,0.6652117,0.4959355,-1.120228,0.0,0.0,0.0,0.037790567,0.028174013,-0.55711573
196021223,-0.7809063,-0.8334367,-1.0,-0.0171374,0.0,0.0911271,0.05478835,-0.7592288,0.66919976,0.55675155,-1.0865092,0.0,0.0,0.0,0.03789986,0.0315314,-0.55539656
196127354,-0.7809063,-0.8334367,-1.0,-0.0171374,0.0,0.10634273,0.068844736,-0.737991,0.7480683,0.5562623,-1.3697246,0.0,0.0,0.0,0.04346786,0.032322627,-0.5698365
196212328,-0.7809063,-0.8334367,-1.0,-0.0171374,0.0,0.117127776,0.07842046,-0.72375,0.6996723,0.4856113,-1.3575246,0.0,0.0,0.0,0.040611938,0.02818693,-0.56921446
196318652,-0.7809063,-0.8334367,-1.0,-0.0171374,0.0,0.12743723,0.08618677,-0.70902884,0.62463415,0.4634658,-1.5862514,0.0,0.0,0.0,0.036998674,0.02745226,-0.5808763
196424835,-0.7809063,-0.8334367,-1.0,-0.0171374,0.0,0.13261712,0.08955079,-0.69542086,0.53946453,0.32826805,-1.5582725,0.0,0.0,0.0,0.03187532,0.019396363,-0.5794498
196520417,-0.7809063,-0.8334367,-1.0,-0.0171374,0.0,0.13418067,0.08905023,-0.682334,0.558307,0.34657857,-1.5892252,0.0,0.0,0.0,0.033079185,0.020534469,-0.5810279
196626726,-0.7809063,-0.8334367,-1.0,-0.0171374,0.0,0.13428342,0.08647394,-0.6675129,0.57923126,0.20337695,-1.6657975,0.0,0.0,0.0,0.034549702,0.01213093,-0.584932
196722288,-0.7809063,-0.8334367,-1.0,-0.0171374,0.0,0.13375902,0.08153266,-0.6549646,0.5303325,0.22855857,-1.676173,0.0,0.0,0.0,0.031661134,0.013645069,-0.585461
196817906,-0.7809063,-0.8334367,-1.0,-0.0171374,0.0,0.1323542,0.0754565,-0.6434419,0.4735545,0.17815185,-1.8243659,0.0,0.0,0.0,0.028636381,0.010773045,-0.59301674
196924193,-0.7809063,-0.8334367,-1.0,-0.0171374,0.0,0.1276483,0.06833255,-0.630089,0.35013747,0.109242246,-1.7458317,0.0,0.0,0.0,0.02103079,0.0065615675,-0.5890126
197019766,-0.7809063,-0.8334367,-1.0,-0.0171374,0.0,0.121225536,0.061686993,-0.61554605,0.3775267,0.14799471,-1.7130759,0.0,0.0,0.0,0.022610782,0.008863681,-0.58734256
197115435,-0.7809063,-0.8334367,-1.0,-0.0171374,0.0,0.115124464,0.055774212,-0.6017149,0.38327444,0.094596244,-1.8807324,0.0,0.0,0.0,0.023290504,0.005748346,-0.59589064
197221635,-0.7809063,-0.8334367,-1.0,-0.0171374,0.0,0.1076476,0.04972279,-0.58816713,0.25614327,0.12374731,-1.825109,0.0,0.0,0.0,0.015491121,0.007484032,-0.59305465
197327962,-0.7809063,-0.8334367,-1.0,-0.0171374,0.0,0.0982697,0.0438928,-0.571239,0.22129539,0.12295118,-1.7036333,0.0,0.0,0.0,0.013242502,0.0073575024,-0.58686113
197423559,-0.7809063,-0.8334367,-1.0,-0.0171374,0.0,0.090064704,0.03994,-0.55518556,0.28737137,0.12106029,-1.7773162,0.0,0.0,0.0,0.017305978,0.0072904504,-0.5906179
197519205,-0.7809063,-0.8334367,-1.0,-0.0171374,0.0,0.08303255,0.036313772,-0.5425539,0.24644682,0.13976142,-1.988567,0.0,0.0,0.0,0.015111917,0.0085700555,-0.6013887
197625455,-0.7809063,-0.8334367,-1.0,-0.0171374,0.0,0.07399666,0.033639193,-0.528087,0.15927778,0.13054587,-1.8163552,0.0,0.0,0.0,0.009624779,0.007888577,-0.59260833
197720986,-0.7809063,-0.8334367,-1.0,-0.0171374,0.0,0.06496519,0.031385183,-0.5122622,0.16907848,0.17525038,-1.7416509,0.0,0.0,0.0,0.010152438,0.010523034,-0.5887995
197816604,-0.7809063,-0.8334367,-1.0,-0.0171374,0.0,0.05738473,0.030231476,-0.4968328,0.2123994,0.16382661,-1.845117,0.0,0.0,0.0,0.012867241,0.009924682,-0.5940748
197922905,-0.7809063,-0.8334367,-1.0,-0.0171374,0.0,0.049859703,0.02907151,-0.48344198,0.12332485,0.20668186,-1.9312426,0.0,0.0,0.0,0.0075272545,0.0126150325,-0.598466
198018521,-0.7809063,-0.8334367,-1.0,-0.0171374,0.0,0.041838408,0.028247952,-0.47003305,0.058917165,0.13635424,-1.8075469,0.0,0.0,0.0,0.0035583514,0.008235228,-0.5921592
198124750,-0.7809063,-0.8334367,-1.0,-0.0171374,0.0,0.03277886,0.027231097,-0.45406678,0.119342305,0.19548555,-1.8262458,0.0,0.0,0.0,0.0072180703,0.011823371,-0.59311265
198220377,-0.7809063,-0.8334367,-1.0,-0.0171374,0.0,0.025802672,0.026786804,-0.4412246,0.1145507,0.1935752,-1.9644451,0.0,0.0,0.0,0.0070101456,0.011846198,-0.6001588
198316091,-0.7809063,-0.8334367,-1.0,-0.0171374,0.0,0.018800855,0.026426673,-0.4308324,0.04418534,0.20659734,-2.0025363,0.0,0.0,0.0,0.002712862,0.012684527,-0.6021009
198422238,-0.7809063,-0.8334367,-1.0,-0.0171374,0.0,0.009680688,0.025416017,-0.4167975,0.03331664,0.16800427,-1.8387829,0.0,0.0,0.0,0.0020170882,0.010171478,-0.59375185
198517819,-0.7809063,-0.8334367,-1.0,-0.0171374,0.0,0.0023266077,0.02434975,-0.40297225,0.06913659,0.214736,-1.8328043,0.0,0.0,0.0,0.0041831606,0.012992761,-0.593447
198624100,-0.7809063,-0.8334367,-1.0,-0.0171374,0.0,-0.004016638,0.022612214,-0.388928,0.05354864,0.173405,-1.9180459,0.0,0.0,0.0,0.0032640889,0.010570005,-0.5977931
198719810,-0.7809063,-0.8334367,-1.0,-0.0171374,0.0,-0.009941995,0.020996213,-0.37670225,0.025563164,0.19042975,-1.8541863,0.0,0.0,0.0,0.0015499801,0.011546392,-0.5945372
198826012,-0.7809063,-0.8334367,-1.0,-0.0171374,0.0,-0.016426384,0.01941067,-0.36240515,0.060781978,0.12955466,-1.9047135,0.0,0.0,0.0,0.0037009162,0.007888373,-0.5971134
198921583,-0.7809063,-0.8334367,-1.0,-0.0171374,0.0,-0.021252453,0.01702851,-0.35287717,-0.004343909,0.19090407,-2.0388114,0.0,0.0,0.0,-0.0002674955,0.011755765,-0.60395044
199017309,-0.7809063,-0.8334367,-1.0,-0.0171374,0.0,-0.026857913,0.015445471,-0.34370136,-0.02583814,0.18120405,-1.9801354,0.0,0.0,0.0,-0.0015832331,0.0111032855,-0.6009588
199123422,-0.7809063,-0.8334367,-1.0,-0.0171374,0.0,-0.032855988,0.01370734,-0.33346805,0.0122169405,0.119539514,-2.09308,0.0,0.0,0.0,0.00075574184,0.007394734,-0.6067174
199219164,-0.7809063,-0.8334367,-1.0,-0.0171374,0.0,-0.037409306,0.0118300915,-0.32661375,-0.054239713,0.1804502,-2.1090128,0.0,0.0,0.0,-0.0033607068,0.011180742,-0.6075297
199325322,-0.7809063,-0.8334367,-1.0,-0.0171374,0.0,-0.042788863,0.010968149,-0.31606075,-0.031120364,0.17244664,-1.9421065,0.0,0.0,0.0,-0.0019013647,0.010535994,-0.5990199
199420963,-0.7809063,-0.8334367,-1.0,-0.0171374,0.0,-0.046164155,0.009239137,-0.30638668,0.01434049,0.113350324,-2.037691,0.0,0.0,0.0,0.0008832677,0.0069815386,-0.60389334
199516578,-0.7809063,-0.8334367,-1.0,-0.0171374,0.0,-0.048893094,0.0070729256,-0.29766375,-0.04078909,0.17037977,-1.9826195,0.0,0.0,0.0,-0.0025002975,0.010443972,-0.6010855
199622846,-0.7809063,-0.8334367,-1.0,-0.0171374,0.0,-0.05176395,0.0056222677,-0.2855252,-0.008339062,0.15311246,-1.8688692,0.0,0.0,0.0,-0.000506252,0.009295229,-0.59528583
199718446,-0.7809063,-0.8334367,-1.0,-0.0171374,0.0,-0.052797794,0.0035353303,-0.2755994,0.04077567,0.08930505,-2.0367079,0.0,0.0,0.0,0.0025098152,0.005496885,-0.6038432
199824648,-0.7809063,-0.8334367,-1.0,-0.0171374,0.0,-0.05376339,0.0010929704,-0.26661018,-0.028984755,0.18155919,-1.9966922,0.0,0.0,0.0,-0.0017787578,0.011142057,-0.60180295
199920346,-0.7809063,-0.8334367,-1.0,-0.0171374,0.0,-0.0555439,0.0005531907,-0.2566904,-0.03827354,0.17552425,-1.8654786,0.0,0.0,0.0,-0.0023220347,0.010648958,-0.5951129
200026594,-0.7809063,-0.8334367,-1.0,-0.0171374,0.0,-0.056828737,0.0002875924,-0.24492934,0.0021840157,0.12257991,-1.8924696,0.0,0.0,0.0,0.00013284702,0.007456163,-0.5964891
200122122,-0.7809063,-0.8334367,-1.0,-0.0171374,0.0,-0.05745995,-0.0007649064,-0.23551445,-0.023710672,0.106995225,-1.9136333,0.0,0.0,0.0,-0.0014444594,0.0065181735,-0.59756815
200217755,-0.7809063,-0.8334367,-1.0,-0.0171374,0.0,-0.05885178,-0.0014696717,-0.22556697,-0.04162482,0.20567045,-1.8275054,0.0,0.0,0.0,-0.0025175973,0.012439583,-0.59317684
200324140,-0.7809063,-0.8334367,-1.0,-0.0171374,0.0,-0.059836507,-0.0006965399,-0.21447486,-0.009096243,0.2070183,-1.8351263,0.0,0.0,0.0,-0.0005505525,0.012529838,-0.5935654
200419655,-0.7809063,-0.8334367,-1.0,-0.0171374,0.0,-0.059825003,-0.0003592372,-0.20590718,-0.010027901,0.15615022,-1.867027,0.0,0.0,0.0,-0.00060873444,0.009478953,-0.5951919
200525962,-0.7809063,-0.8334367,-1.0,-0.0171374,0.0,-0.06013006,-0.0008903742,-0.197517,-0.04981752,0.15223157,-1.9098299,0.0,0.0,0.0,-0.0030350136,0.009274345,-0.5973742
200621524,-0.7809063,-0.8334367,-1.0,-0.0171374,0.0,-0.061086476,-0.00087732077,-0.19037749,-0.04643936,0.19807781,-1.8810759,0.0,0.0,0.0,-0.0028222085,0.012037566,-0.59590816
200717154,-0.7809063,-0.8334367,-1.0,-0.0171374,0.0,-0.061645806,-4.0113926e-05,-0.18289196,-0.014771275,0.21926624,-1.8460495,0.0,0.0,0.0,-0.0008949934,0.013285369,-0.59412235
200823432,-0.7809063,-0.8334367,-1.0,-0.0171374,0.0,-0.06115693,0.00073361397,-0.17476319,-0.018921241,0.17673059,-1.8360435,0.0,0.0,0.0,-0.0011455497,0.010699808,-0.59361213
200918997,-0.7809063,-0.8334367,-1.0,-0.0171374,0.0,-0.060796797,0.0004671216,-0.16690841,-0.023419617,0.18144219,-1.7987887,0.0,0.0,0.0,-0.0014131662,0.010948428,-0.5917127
201025261,-0.7809063,-0.8334367,-1.0,-0.0171374,0.0,-0.059518635,1.5199184e-05,-0.16040935,0.029800296,0.17628102,-2.0315857,0.0,0.0,0.0,0.0018337173,0.010847193,-0.603582
201121024,-0.7809063,-0.8334367,-1.0,-0.0171374,0.0,-0.057878137,-1.3649464e-05,-0.15932776,-0.039762285,0.19880901,-2.1995482,0.0,0.0,0.0,-0.00248154,0.01240755,-0.6121457
201227177,-0.7809063,-0.8334367,-1.0,-0.0171374,0.0,-0.0581975,0.0007286668,-0.15758477,-0.11707218,0.24077243,-2.0453653,0.0,0.0,0.0,-0.0072135897,0.014835577,-0.6042846
201322754,-0.7809063,-0.8334367,-1.0,-0.0171374,0.0,-0.059355497,0.0021473765,-0.15315583,-0.06163207,0.256022,-1.9402744,0.0,0.0,0.0,-0.003764235,0.015636778,-0.5989265
201418379,-0.7809063,-0.8334367,-1.0,-0.0171374,0.0,-0.05926925,0.0034585,-0.1476719,-0.0038234964,0.21805504,-1.9433687,0.0,0.0,0.0,-0.00023354245,0.013318989,-0.5990842
201524632,-0.7809063,-0.8334367,-1.0,-0.0171374,0.0,-0.058333397,0.0033266544,-0.14062352,-0.0324598,0.1426853,-1.8745743,0.0,0.0,0.0,-0.0019716385,0.008666838,-0.5955767
201620256,-0.7809063,-0.8334367,-1.0,-0.0171374,0.0,-0.057358384,0.001488328,-0.13318437,-0.020930521,0.119704075,-1.8288604,0.0,0.0,0.0,-0.0012662061,0.0072415792,-0.5932459
201726543,-0.7809063,-0.8334367,-1.0,-0.0171374,0.0,-0.05528003,-0.0019218326,-0.12710756,0.023268566,0.10264439,-2.0334368,0.0,0.0,0.0,0.0014322513,0.0063180765,-0.60367644
201822156,-0.7809063,-0.8334367,-1.0,-0.0171374,0.0,-0.053007245,-0.005513966,-0.12542579,-0.032136865,0.09380202,-2.126691,0.0,0.0,0.0,-0.0019944273,0.005821392,-0.60843104
201917803,-0.7809063,-0.8334367,-1.0,-0.0171374,0.0,-0.052455366,-0.008402646,-0.12265891,-0.088917546,0.11290482,-1.995253,0.0,0.0,0.0,-0.0054555116,0.0069272434,-0.6017296
202023963,-0.7809063,-0.8334367,-1.0,-0.0171374,0.0,-0.052560687,-0.0099800825,-0.119403616,-0.040863246,0.17734823,-2.1331024,0.0,0.0,0.0,-0.0025360188,0.01100643,-0.608758
202119548,-0.7809063,-0.8334367,-1.0,-0.0171374,0.0,-0.05240196,-0.010167122,-0.11972055,-0.0796738,0.16787715,-2.2371595,0.0,0.0,0.0,-0.0049887896,0.010511659,-0.6140634
202225805,-0.7809063,-0.8334367,-1.0,-0.0171374,0.0,-0.053153574,-0.008965611,-0.11846584,-0.10136677,0.20902061,-2.0593934,0.0,0.0,0.0,-0.006254144,0.012896188,-0.60499984
202321534,-0.7809063,-0.8334367,-1.0,-0.0171374,0.0,-0.05342716,-0.007906556,-0.11455191,-0.02886505,0.16710398,-2.0152614,0.0,0.0,0.0,-0.0017738583,0.010269124,-0.6027497
202427763,-0.7809063,-0.8334367,-1.0,-0.0171374,0.0,-0.051959753,-0.007018447,-0.111577064,-0.027342184,0.16812988,-2.1411247,0.0,0.0,0.0,-0.0016983249,0.010443173,-0.609167
202523341,-0.7809063,-0.8334367,-1.0,-0.0171374,0.0,-0.051027775,-0.006406367,-0.108762495,-0.07053558,0.1701681,-2.0081587,0.0,0.0,0.0,-0.00433273,0.010452773,-0.6023876
202618962,-0.7809063,-0.8334367,-1.0,-0.0171374,0.0,-0.05033177,-0.006661296,-0.10326003,-0.040245328,0.13780442,-1.9271021,0.0,0.0,0.0,-0.0024548753,0.008405762,-0.59825486
202725198,-0.7809063,-0.8334367,-1.0,-0.0171374,0.0,-0.048625827,-0.008006215,-0.09731529,-0.04237967,0.13691767,-1.9357976,0.0,0.0,0.0,-0.002586882,0.008357543,-0.5986982
202820842,-0.7809063,-0.8334367,-1.0,-0.0171374,0.0,-0.04709226,-0.010019958,-0.09223546,-0.053757936,0.0966624,-1.9224421,0.0,0.0,0.0,-0.0032782217,0.0058945855,-0.5980173
202927082,-0.7809063,-0.8334367,-1.0,-0.0171374,0.0,-0.04542899,-0.013232231,-0.08601477,-0.015173847,0.08687232,-1.891183,0.0,0.0,0.0,-0.0009233073,0.005286059,-0.5964235
203022656,-0.7809063,-0.8334367,-1.0,-0.0171374,0.0,-0.04323387,-0.016313553,-0.08164923,0.0068488913,0.12539634,-1.9946327,0.0,0.0,0.0,0.0004202988,0.00769525,-0.601698
203118339,-0.7809063,-0.8334367,-1.0,-0.0171374,0.0,-0.041313708,-0.01839,-0.0795251,-0.062880695,0.14622203,-2.062027,0.0,0.0,0.0,-0.003879766,0.009021962,-0.6051341
203224611,-0.7809063,-0.8334367,-1.0,-0.0171374,0.0,-0.041108727,-0.019966722,-0.07686887,-0.08655471,0.12420856,-1.9851733,0.0,0.0,0.0,-0.0053053023,0.0076132654,-0.60121566
203320197,-0.7809063,-0.8334367,-1.0,-0.0171374,0.0,-0.041121185,-0.021455944,-0.07323438,-0.037231453,0.10797405,-1.9353976,0.0,0.0,0.0,-0.0022731936,0.0065924344,-0.5986778
203415791,-0.7809063,-0.8334367,-1.0,-0.0171374,0.0,-0.04003638,-0.022949994,-0.06984103,0.02729091,0.09559247,-2.037582,0.0,0.0,0.0,0.0016805892,0.005886636,-0.60388774
203522043,-0.7809063,-0.8334367,-1.0,-0.0171374,0.0,-0.038284957,-0.023739338,-0.06924916,-0.06990178,0.17076543,-2.1274908,0.0,0.0,0.0,-0.00433717,0.010595421,-0.6084718
203628281,-0.7809063,-0.8334367,-1.0,-0.0171374,0.0,-0.03825909,-0.022814393,-0.06762546,-0.08593731,0.21444961,-2.0383303,0.0,0.0,0.0,-0.005291917,0.0132055525,-0.60392594
203723893,-0.7809063,-0.8334367,-1.0,-0.0171374,0.0,-0.03828591,-0.02027762,-0.06578453,-0.05651208,0.25636616,-2.075332,0.0,0.0,0.0,-0.0034910198,0.015836956,-0.6058125
203819522,-0.7809063,-0.8334367,-1.0,-0.0171374,0.0,-0.037684977,-0.017483592,-0.06434808,-0.07015765,0.21592505,-2.0439053,0.0,0.0,0.0,-0.004322406,0.013303122,-0.60421014
203925821,-0.7809063,-0.8334367,-1.0,-0.0171374,0.0,-0.03716439,-0.015740216,-0.062876835,-0.07939388,0.15626653,-2.151488,0.0,0.0,0.0,-0.004935876,0.009715008,-0.6096954
204021428,-0.7809063,-0.8334367,-1.0,-0.0171374,0.0,-0.037768126,-0.015220225,-0.0630721,-0.1427269,0.14914447,-2.1680079,0.0,0.0,0.0,-0.00888591,0.009285456,-0.61053765
204117077,-0.7809063,-0.8334367,-1.0,-0.0171374,0.0,-0.039429307,-0.01486814,-0.061858326,-0.13145496,0.21469983,-2.06104,0.0,0.0,0.0,-0.008111411,0.013248025,-0.60508376
204223228,-0.7809063,-0.8334367,-1.0,-0.0171374,0.0,-0.040494382,-0.013305485,-0.058985494,-0.03955536,0.19775586,-2.0448565,0.0,0.0,0.0,-0.0024371017,0.0121842185,-0.60425866
204318932,-0.7809063,-0.8334367,-1.0,-0.0171374,0.0,-0.03947985,-0.0131088495,-0.056274567,-0.005339183,0.12072564,-2.0492065,0.0,0.0,0.0,-0.0003291529,0.0074425614,-0.60448045
204425133,-0.7809063,-0.8334367,-1.0,-0.0171374,0.0,-0.037007272,-0.014871299,-0.055377226,-0.054929327,0.10023412,-2.2061658,0.0,0.0,0.0,-0.0034300273,0.006259056,-0.61248314
204520796,-0.7809063,-0.8334367,-1.0,-0.0171374,0.0,-0.035922945,-0.016700149,-0.05579373,-0.122044,0.17267485,-2.1348615,0.0,0.0,0.0,-0.0075764866,0.010719648,-0.6088476
204616431,-0.7809063,-0.8334367,-1.0,-0.0171374,0.0,-0.036381662,-0.016921282,-0.05328983,-0.10745276,0.16869825,-2.0154145,0.0,0.0,0.0,-0.006605038,0.010369751,-0.6027575
204722679,-0.7809063,-0.8334367,-1.0,-0.0171374,0.0,-0.03628385,-0.018085659,-0.04921637,-0.017919835,0.05978183,-1.9887662,0.0,0.0,0.0,-0.0010993719,0.0036675816,-0.6013988
204818210,-0.7809063,-0.8334367,-1.0,-0.0171374,0.0,-0.034262955,-0.020361722,-0.046688315,0.009681404,0.12737896,-2.1106372,0.0,0.0,0.0,0.0005995826,0.007888754,-0.60761255
204924452,-0.7809063,-0.8334367,-1.0,-0.0171374,0.0,-0.031128943,-0.021677673,-0.04574585,-0.04053585,0.13672861,-2.075461,0.0,0.0,0.0,-0.002504354,0.0084472615,-0.60581905
205020079,-0.7809063,-0.8334367,-1.0,-0.0171374,0.0,-0.029073775,-0.022578895,-0.044633906,-0.061776698,0.1136051,-2.1589837,0.0,0.0,0.0,-0.0038438854,0.0070687653,-0.61007756
205126364,-0.7809063,-0.8334367,-1.0,-0.0171374,0.0,-0.028513253,-0.023252606,-0.04503013,-0.11962205,0.1482521,-2.1385794,0.0,0.0,0.0,-0.007428611,0.009206556,-0.6090372
205222004,-0.7809063,-0.8334367,-1.0,-0.0171374,0.0,-0.029592335,-0.023489714,-0.044645544,-0.14255756,0.09949746,-2.1757345,0.0,0.0,0.0,-0.008881724,0.0061989627,-0.6109316
205317575,-0.7809063,-0.8334367,-1.0,-0.0171374,0.0,-0.0314914,-0.023372233,-0.043762848,-0.1282391,0.16382459,-2.0824363,0.0,0.0,0.0,-0.007926564,0.0101261325,-0.6061747
205423902,-0.7809063,-0.8334367,-1.0,-0.0171374,0.0,-0.032987535,-0.02308166,-0.041858893,-0.07443732,0.11876337,-2.0779645,0.0,0.0,0.0,-0.0045989524,0.0073375436,-0.6059467
205519475,-0.7809063,-0.8334367,-1.0,-0.0171374,0.0,-0.032856703,-0.022541583,-0.039729316,-0.065186486,0.16466571,-2.025621,0.0,0.0,0.0,-0.0040107444,0.010131427,-0.6032779
205625803,-0.7809063,-0.8334367,-1.0,-0.0171374,0.0,-0.03079611,-0.022331953,-0.037182737,0.0006092824,0.113939084,-2.117519,0.0,0.0,0.0,3.778411e-05,0.007065831,-0.60796344
205721294,-0.7809063,-0.8334367,-1.0,-0.0171374,0.0,-0.027939081,-0.022179723,-0.036822874,-0.033668146,0.15804343,-2.1314535,0.0,0.0,0.0,-0.002090095,0.009811225,-0.6086739
205816982,-0.7809063,-0.8334367,-1.0,-0.0171374,0.0,-0.026224256,-0.021851659,-0.036210295,-0.11540121,0.109733425,-2.159636,0.0,0.0,0.0,-0.007180335,0.0068276823,-0.6101108
205923218,-0.7809063,-0.8334367,-1.0,-0.0171374,0.0,-0.026412606,-0.021538198,-0.034122087,-0.12620568,0.15916221,-2.0166001,0.0,0.0,0.0,-0.0077580656,0.009783956,-0.602818
206018799,-0.7809063,-0.8334367,-1.0,-0.0171374,0.0,-0.026611984,-0.021521091,-0.031130843,-0.037218556,0.12666076,-2.0391505,0.0,0.0,0.0,-0.002292206,0.0078007486,-0.6039677
206125128,-0.7809063,-0.8334367,-1.0,-0.0171374,0.0,-0.025025427,-0.021439731,-0.029736765,-0.012201557,0.14185837,-2.0945094,0.0,0.0,0.0,-0.00075518206,0.0087799365,-0.60679024
206220820,-0.7809063,-0.8334367,-1.0,-0.0171374,0.0,-0.022779822,-0.021644235,-0.029876517,-0.042379953,0.115340546,-2.2213542,0.0,0.0,0.0,-0.0026503033,0.0072130193,-0.6132575
206326961,-0.7809063,-0.8334367,-1.0,-0.0171374,0.0,-0.021211445,-0.021463096,-0.031592093,-0.10437889,0.1458985,-2.2103333,0.0,0.0,0.0,-0.0065209195,0.009114798,-0.61269563
206422529,-0.7809063,-0.8334367,-1.0,-0.0171374,0.0,-0.021191418,-0.021505117,-0.03339416,-0.12350151,0.13641691,-2.275166,0.0,0.0,0.0,-0.0077578314,0.008569121,-0.6160012
206518128,-0.7809063,-0.8334367,-1.0,-0.0171374,0.0,-0.022391915,-0.021198452,-0.03463278,-0.16942742,0.15018962,-2.2022643,0.0,0.0,0.0,-0.010578698,0.009377528,-0.61228424
206624469,-0.7809063,-0.8334367,-1.0,-0.0171374,0.0,-0.02409482,-0.021094322,-0.035475045,-0.14373775,0.13435839,-2.2171454,0.0,0.0,0.0,-0.008984468,0.008398202,-0.61304295
206720051,-0.7809063,-0.8334367,-1.0,-0.0171374,0.0,-0.025485575,-0.02065456,-0.0345185,-0.111794874,0.1507501,-2.096191,0.0,0.0,0.0,-0.0069187838,0.009329653,-0.606876
206826318,-0.7809063,-0.8334367,-1.0,-0.0171374,0.0,-0.025247037,-0.020771384,-0.03183749,-0.057937592,0.14792283,-2.074214,0.0,0.0,0.0,-0.003577998,0.009135133,-0.6057555
206921920,-0.7809063,-0.8334367,-1.0,-0.0171374,0.0,-0.022690415,-0.020880222,-0.02952942,0.026218355,0.11291472,-2.079781,0.0,0.0,0.0,0.0016196052,0.0069751614,-0.60603935
207017621,-0.7809063,-0.8334367,-1.0,-0.0171374,0.0,-0.018706918,-0.021394134,-0.028436126,-0.01711512,0.15613,-2.1835473,0.0,0.0,0.0,-0.0010668231,0.009731927,-0.6113299
207123771,-0.7809063,-0.8334367,-1.0,-0.0171374,0.0,-0.015063524,-0.021545589,-0.027864851,-0.040353395,0.13540557,-2.1893594,0.0,0.0,0.0,-0.0025167542,0.008444954,-0.61162627
207219434,-0.7809063,-0.8334367,-1.0,-0.0171374,0.0,-0.013649762,-0.021741688,-0.027171599,-0.13522601,0.18318067,-2.0934877,0.0,0.0,0.0,-0.008366347,0.011333272,-0.60673815
207325659,-0.7809063,-0.8334367,-1.0,-0.0171374,0.0,-0.01342243,-0.021338344,-0.02483374,-0.08963241,0.10725728,-2.0646367,0.0,0.0,0.0,-0.005533774,0.006621908,-0.60526717
207421289,-0.7809063,-0.8334367,-1.0,-0.0171374,0.0,-0.01252681,-0.021609426,-0.023088248,-0.015230328,0.16582371,-2.0985982,0.0,0.0,0.0,-0.00094285794,0.010265584,-0.60699874
207527567,-0.7809063,-0.8334367,-1.0,-0.0171374,0.0,-0.009885907,-0.022166193,-0.022435239,0.0012166444,0.10655766,-2.1811337,0.0,0.0,0.0,7.584904e-05,0.0066431044,-0.6112069
207623203,-0.7809063,-0.8334367,-1.0,-0.0171374,0.0,-0.007252097,-0.023069263,-0.023764353,-0.04084482,0.165875,-2.2049751,0.0,0.0,0.0,-0.0025507794,0.010358977,-0.61242247
207718770,-0.7809063,-0.8334367,-1.0,-0.0171374,0.0,-0.0061736107,-0.023570359,-0.024491401,-0.11718109,0.11689576,-2.166626,0.0,0.0,0.0,-0.007294334,0.0072765723,-0.6104672
207825018,-0.7809063,-0.8334367,-1.0,-0.0171374,0.0,-0.0064526796,-0.02366656,-0.02316504,-0.10317961,0.17587589,-2.060479,0.0,0.0,0.0,-0.0063664094,0.01085193,-0.6050552
207920671,-0.7809063,-0.8334367,-1.0,-0.0171374,0.0,-0.0060667396,-0.024013937,-0.021378554,-0.010533098,0.14336912,-2.1028874,0.0,0.0,0.0,-0.0006521437,0.00887652,-0.60721743
208026854,-2.0,-2.0,-1.0,-0.0,0.0,-1.22477,-1.1805832,-0.023905814,-3.3145518,-2.174287,-2.382653,0.0,0.0,0.0,-0.21005462,-0.1377921,-0.6214815
208122496,-2.0,-2.0,-1.0,-0.0,0.0,-1.2261585,-1.1851875,-0.014630546,-3.479365,-2.1733334,-1.4346844,0.0,0.0,0.0,-0.2033511,-0.12702021,-0.57314855
208218104,-2.0,-2.0,-1.0,-0.0,0.0,-1.2192954,-1.1782069,0.0045116637,-2.6849508,-1.5015862,-1.4225142,0.0,0.0,0.0,-0.15675178,-0.08766504,-0.57252806
208324419,-2.0,-2.0,-1.0,-0.0,0.0,-1.1831241,-1.1479951,0.013650932,-1.7283556,-0.9611986,-2.0506976,0.0,0.0,0.0,-0.10654883,-0.059255507,-0.6045565
208420033,-2.0,-2.0,-1.0,-0.0,0.0,-1.1212689,-1.1027794,0.010664633,-0.9765442,-0.54173666,-2.3685486,0.0,0.0,0.0,-0.06181539,-0.034292005,-0.62076235
208526253,-2.0,-2.0,-1.0,-0.0,0.0,-1.0234573,-1.0355182,0.0036975597,-0.36752823,-0.20127362,-2.385771,0.0,0.0,0.0,-0.023297504,-0.012758674,-0.62164044
208621926,-2.0,-2.0,-1.0,-0.0,0.0,-0.9199373,-0.96574163,-0.00041238917,-0.023278736,0.008761764,-2.2337437,0.0,0.0,0.0,-0.001457718,0.00054866297,-0.6138892
208728113,-2.0,-2.0,-1.0,-0.0,0.0,-0.79978114,-0.88433814,-0.00020698574,0.22138444,0.20907116,-2.148649,0.0,0.0,0.0,0.013760597,0.012995242,-0.6095506
208823750,-2.0,-2.0,-1.0,-0.0,0.0,-0.694346,-0.8113208,0.002164856,0.27948284,0.33854997,-2.1367388,0.0,0.0,0.0,0.017354129,0.021021824,-0.60894334
208919377,-2.0,-2.0,-1.0,-0.0,0.0,-0.5981236,-0.74200404,0.0055947574,0.3327933,0.37421736,-2.1408749,0.0,0.0,0.0,0.020671533,0.023244599,-0.6091542
209025661,-2.0,-2.0,-1.0,-0.0,0.0,-0.50429636,-0.6713407,0.009641871,0.29264385,0.39600214,-2.1208375,0.0,0.0,0.0,0.018147564,0.024557063,-0.6081326
209121226,-2.0,-2.0,-1.0,-0.0,0.0,-0.43157893,-0.6147579,0.012044629,0.27471405,0.4085182,-2.165474,0.0,0.0,0.0,0.017099433,0.025428003,-0.6104084
209227426,-2.0,-2.0,-1.0,-0.0,0.0,-0.36240298,-0.55958974,0.0125983795,0.25390756,0.39485708,-2.2557812,0.0,0.0,0.0,0.01592306,0.024762293,-0.6150128
209323167,-2.0,-2.0,-1.0,-0.0,0.0,-0.30961746,-0.5164782,0.011391869,0.21110094,0.36312193,-2.2943823,0.0,0.0,0.0,0.013281551,0.02284605,-0.61698097
209418696,-2.0,-2.0,-1.0,-0.0,0.0,-0.2641595,-0.478564,0.009455869,0.19864437,0.369431,-2.315657,0.0,0.0,0.0,0.012519386,0.023283063,-0.61806566
209525007,-2.0,-2.0,-1.0,-0.0,0.0,-0.2202279,-0.441519,0.0065024886,0.15879107,0.3268095,-2.3002183,0.0,0.0,0.0,0.009995642,0.020572131,-0.6172785
209620576,-2.0,-2.0,-1.0,-0.0,0.0,-0.185556,-0.41196153,0.004551342,0.15907258,0.30009854,-2.2597008,0.0,0.0,0.0,0.00997945,0.018826744,-0.6152127
209716241,-2.0,-2.0,-1.0,-0.0,0.0,-0.15410954,-0.38548657,0.0038652872,0.19903499,0.31739983,-2.200275,0.0,0.0,0.0,0.012424549,0.01981335,-0.6121828
209822499,-2.0,-2.0,-1.0,-0.0,0.0,-0.12106294,-0.35963926,0.0038938257,0.2522731,0.29480913,-2.1740093,0.0,0.0,0.0,0.015714416,0.01836404,-0.6108436
209928759,-2.0,-2.0,-1.0,-0.0,0.0,-0.08901841,-0.3368325,0.004327539,0.2814048,0.24801606,-2.160829,0.0,0.0,0.0,0.017508075,0.015430738,-0.6101716
210024361,-2.0,-2.0,-1.0,-0.0,0.0,-0.061025687,-0.31829724,0.0043131444,0.31716952,0.21959847,-2.216398,0.0,0.0,0.0,0.019825976,0.013726899,-0.61300486
210119935,-2.0,-2.0,-1.0,-0.0,0.0,-0.034550257,-0.30076107,0.0026873145,0.27131033,0.2663473,-2.2565732,0.0,0.0,0.0,0.017015757,0.016704489,-0.61505324
210226141,-2.0,-2.0,-1.0,-0.0,0.0,-0.009100146,-0.2820277,0.0005447839,0.20734629,0.2826594,-2.2686834,0.0,0.0,0.0,0.013017454,0.017745702,-0.6156707
210321799,-2.0,-2.0,-1.0,-0.0,0.0,0.009423905,-0.26581344,-0.00030624517,0.14817998,0.24131376,-2.2261553,0.0,0.0,0.0,0.009269921,0.015096232,-0.6135023
210417422,-2.0,-2.0,-1.0,-0.0,0.0,0.024888927,-0.25028583,0.0006316516,0.20239678,0.25742936,-2.1461186,0.0,0.0,0.0,0.012577105,0.015996875,-0.6094216
210523772,-2.0,-2.0,-1.0,-0.0,0.0,0.04093092,-0.23436747,0.0026542698,0.21958265,0.23195904,-2.0897784,0.0,0.0,0.0,0.013581426,0.014346922,-0.606549
210619378,-2.0,-2.0,-1.0,-0.0,0.0,0.05495303,-0.22159861,0.0047434783,0.28820866,0.22673446,-2.1010427,0.0,0.0,0.0,0.017843341,0.0140374005,-0.6071234
210725652,-2.0,-2.0,-1.0,-0.0,0.0,0.06962865,-0.20921026,0.0070690066,0.27348968,0.22183019,-2.097485,0.0,0.0,0.0,0.01692722,0.013729836,-0.606942
210821117,-2.0,-2.0,-1.0,-0.0,0.0,0.081068926,-0.19964074,0.009301159,0.254136,0.21023935,-2.0466769,0.0,0.0,0.0,0.0156616,0.012956387,-0.60435146
210916790,-2.0,-2.0,-1.0,-0.0,0.0,0.09044545,-0.19150339,0.011578622,0.24229124,0.1998564,-2.069951,0.0,0.0,0.0,0.014961734,0.012341339,-0.60553813
211023102,-2.0,-2.0,-1.0,-0.0,0.0,0.09902351,-0.18365644,0.013469062,0.23924875,0.19377285,-2.0694942,0.0,0.0,0.0,0.01477168,0.0119639095,-0.6055148
211118627,-2.0,-2.0,-1.0,-0.0,0.0,0.10510581,-0.17769442,0.014684084,0.22550806,0.17615217,-2.0658388,0.0,0.0,0.0,0.013919928,0.010873339,-0.60532844
211224923,-2.0,-2.0,-1.0,-0.0,0.0,0.1100642,-0.17207025,0.015540871,0.21212298,0.18854135,-2.0749216,0.0,0.0,0.0,0.013102503,0.011645903,-0.60579157
211320536,-2.0,-2.0,-1.0,-0.0,0.0,0.11294382,-0.16768895,0.016022649,0.19839951,0.17561376,-2.0877,0.0,0.0,0.0,0.012269849,0.010860685,-0.60644305
211426765,-2.0,-2.0,-1.0,-0.0,0.0,0.114497356,-0.16352211,0.016269859,0.19316465,0.15632915,-2.0960116,0.0,0.0,0.0,0.011953904,0.009674358,-0.60686684
211522398,-2.0,-2.0,-1.0,-0.0,0.0,0.11448758,-0.16020404,0.016510185,0.15257636,0.17078394,-2.0753026,0.0,0.0,0.0,0.009424584,0.01054926,-0.605811
211617996,-2.0,-2.0,-1.0,-0.0,0.0,0.11325996,-0.1573144,0.016672406,0.13638219,0.15707159,-2.0645702,0.0,0.0,0.0,0.008417296,0.009694214,-0.60526377
211724235,-2.0,-2.0,-1.0,-0.0,0.0,0.11071818,-0.15444683,0.016628973,0.09363667,0.14156914,-2.0868113,0.0,0.0,0.0,0.0057895957,0.00875328,-0.60639775
211819971,-2.0,-2.0,-1.0,-0.0,0.0,0.10740369,-0.15223156,0.016295645,0.101248436,0.14141625,-2.0895667,0.0,0.0,0.0,0.0062622293,0.008746613,-0.60653824
211926206,-2.0,-2.0,-1.0,-0.0,0.0,0.10337108,-0.15024136,0.014846929,0.07956349,0.11101222,-2.1558518,0.0,0.0,0.0,0.004948561,0.006904558,-0.6099179
212021771,-2.0,-2.0,-1.0,-0.0,0.0,0.09902566,-0.14880906,0.012261548,0.040404595,0.11217773,-2.2311053,0.0,0.0,0.0,0.0025278183,0.0070181354,-0.6137547
212117428,-2.0,-2.0,-1.0,-0.0,0.0,0.09323447,-0.14742874,0.008780703,-0.028375082,0.090451896,-2.2908638,0.0,0.0,0.0,-0.0017837493,0.0056860987,-0.61680156
212223620,-2.0,-2.0,-1.0,-0.0,0.0,0.08459561,-0.14598821,0.00492585,-0.09333924,0.104213,-2.2978487,0.0,0.0,0.0,-0.005872382,0.0065564974,-0.6171577
212319243,-2.0,-2.0,-1.0,-0.0,0.0,0.07546347,-0.14470159,0.001732144,-0.110241316,0.1081239,-2.3159835,0.0,0.0,0.0,-0.0069491053,0.0068156337,-0.6180823
212425560,-2.0,-2.0,-1.0,-0.0,0.0,0.06519859,-0.14333831,-0.0015371646,-0.11134625,0.082954586,-2.3302,0.0,0.0,0.0,-0.0070272316,0.0052353903,-0.61880714
212521100,-2.0,-2.0,-1.0,-0.0,0.0,0.056477956,-0.14217888,-0.003947183,-0.140701,0.0973748,-2.3024654,0.0,0.0,0.0,-0.008859287,0.0061312374,-0.6173931
212616691,-2.0,-2.0,-1.0,-0.0,0.0,0.048270635,-0.1408106,-0.005372553,-0.12946759,0.07083428,-2.30274,0.0,0.0,0.0,-0.0081501305,0.0044590975,-0.6174071
212723069,-2.0,-2.0,-1.0,-0.0,0.0,0.040455513,-0.13903318,-0.006510659,-0.12258858,0.0821808,-2.3060017,0.0,0.0,0.0,-0.007718763,0.0051744953,-0.6175734
212818614,-2.0,-2.0,-1.0,-0.0,0.0,0.0348007,-0.1372361,-0.0074997507,-0.08493892,0.094938695,-2.3194003,0.0,0.0,0.0,-0.0053562084,0.0059867892,-0.6182565
212924800,-2.0,-2.0,-1.0,-0.0,0.0,0.029364044,-0.134935,-0.008731233,-0.109204434,0.09631127,-2.3205254,0.0,0.0,0.0,-0.006885344,0.0060724295,-0.61831385
213020461,-2.0,-2.0,-1.0,-0.0,0.0,0.024807865,-0.13243984,-0.009925916,-0.1496575,0.14076203,-2.3053486,0.0,0.0,0.0,-0.009424506,0.008864324,-0.61754006
213126734,-2.0,-2.0,-1.0,-0.0,0.0,0.019794399,-0.12933289,-0.010821443,-0.11931995,0.11534846,-2.314815,0.0,0.0,0.0,-0.0075197583,0.007269467,-0.61802274
213222341,-2.0,-2.0,-1.0,-0.0,0.0,0.015641147,-0.12660168,-0.010991861,-0.14789,0.10583556,-2.2707613,0.0,0.0,0.0,-0.009287775,0.0066466755,-0.6157766
213317999,-2.0,-2.0,-1.0,-0.0,0.0,0.012292796,-0.12413702,-0.010398682,-0.08758698,0.12581897,-2.239107,0.0,0.0,0.0,-0.005483165,0.007876584,-0.6141627
213424277,-2.0,-2.0,-1.0,-0.0,0.0,0.010109835,-0.121517636,-0.008403789,-0.07107602,0.11957574,-2.1561913,0.0,0.0,0.0,-0.004419874,0.007435837,-0.60993516
213519761,-2.0,-2.0,-1.0,-0.0,0.0,0.009778672,-0.11958156,-0.0058414396,0.012021586,0.10475242,-2.146511,0.0,0.0,0.0,0.0007468345,0.006507687,-0.6094416
213626140,-2.0,-2.0,-1.0,-0.0,0.0,0.011275702,-0.117769696,-0.0027250254,0.027186677,0.103631675,-2.098302,0.0,0.0,0.0,0.0016834346,0.0064170086,-0.6069836
213721752,-2.0,-2.0,-1.0,-0.0,0.0,0.0138003165,-0.11647306,-0.00017957343,0.06485056,0.10532045,-2.103893,0.0,0.0,0.0,0.004016974,0.0065237605,-0.6072687
213817307,-2.0,-2.0,-1.0,-0.0,0.0,0.016887123,-0.115372635,0.002143702,0.07657733,0.08747083,-2.1091921,0.0,0.0,0.0,0.004742563,0.0054172156,-0.6075389
213923574,-2.0,-2.0,-1.0,-0.0,0.0,0.020633155,-0.11426184,0.003746626,0.058652036,0.074851155,-2.126082,0.0,0.0,0.0,0.0036371003,0.004641632,-0.6084
214019157,-2.0,-2.0,-1.0,-0.0,0.0,0.023611004,-0.11324618,0.004143289,0.08036264,0.079227865,-2.2053804,0.0,0.0,0.0,0.0050193854,0.0049485085,-0.6124431
214125427,-2.0,-2.0,-1.0,-0.0,0.0,0.025930816,-0.11162446,0.0023761424,0.013664715,0.107462466,-2.294176,0.0,0.0,0.0,0.0008590639,0.0067558754,-0.6169704
214221159,-2.0,-2.0,-1.0,-0.0,0.0,0.02596944,-0.10968862,-7.339986e-06,-0.042540435,0.09881306,-2.3150558,0.0,0.0,0.0,-0.0026817243,0.006229117,-0.618035
214327327,-2.0,-2.0,-1.0,-0.0,0.0,0.023235971,-0.10685406,-0.0014535511,-0.07864176,0.13328159,-2.2423303,0.0,0.0,0.0,-0.004925774,0.008348173,-0.614327
214423012,-2.0,-2.0,-1.0,-0.0,0.0,0.020067627,-0.10375295,-0.0012706781,-0.025748298,0.1550628,-2.185411,0.0,0.0,0.0,-0.0016054554,0.009668461,-0.6114249
214518541,-2.0,-2.0,-1.0,-0.0,0.0,0.017831737,-0.10080955,-0.00052128686,0.00933855,0.1411838,-2.1698883,0.0,0.0,0.0,0.0005814848,0.0087911105,-0.6106335
214624764,-2.0,-2.0,-1.0,-0.0,0.0,0.017088348,-0.09781406,-0.0004280354,0.04704445,0.12771845,-2.2487423,0.0,0.0,0.0,0.0029480204,0.008003423,-0.61465394
214720457,-2.0,-2.0,-1.0,-0.0,0.0,0.017233068,-0.09504793,-0.0015560652,-0.001427494,0.16644156,-2.290509,0.0,0.0,0.0,-8.978001e-05,0.0104680825,-0.61678344
214826685,-2.0,-2.0,-1.0,-0.0,0.0,0.0161218,-0.091552,-0.0033884877,-0.08431578,0.20058882,-2.2973928,0.0,0.0,0.0,-0.0053065126,0.012624293,-0.61713445
214922292,-2.0,-2.0,-1.0,-0.0,0.0,0.013100796,-0.08811281,-0.0037099863,-0.12015836,0.17926836,-2.2002735,0.0,0.0,0.0,-0.0075008105,0.011190717,-0.61218274
215017939,-2.0,-2.0,-1.0,-0.0,0.0,0.009657317,-0.08505402,-0.0026220107,-0.095697775,0.17372721,-2.1306791,0.0,0.0,0.0,-0.0059390124,0.010781527,-0.6086344
215124152,-2.0,-2.0,-1.0,-0.0,0.0,0.007762843,-0.082342364,-0.0011834349,-0.0004984364,0.1600886,-2.1506972,0.0,0.0,0.0,-3.0986223e-05,0.009952204,-0.609655
215219752,-2.0,-2.0,-1.0,-0.0,0.0,0.008089953,-0.08041868,-0.00044881366,0.023866266,0.13435018,-2.2116714,0.0,0.0,0.0,0.0014913256,0.0083951065,-0.6127639
215315574,-2.0,-2.0,-1.0,-0.0,0.0,0.009515696,-0.07873426,-0.0011794295,0.028796546,0.1620146,-2.2929454,0.0,0.0,0.0,0.0018113456,0.01019096,-0.61690766
215421667,-2.0,-2.0,-1.0,-0.0,0.0,0.010348254,-0.07674918,-0.0032763982,-0.04917323,0.16608137,-2.3454275,0.0,0.0,0.0,-0.003106599,0.010492461,-0.61958355
215527952,-2.0,-2.0,-1.0,-0.0,0.0,0.009210044,-0.07442925,-0.005575454,-0.13119222,0.19193959,-2.3311787,0.0,0.0,0.0,-0.008278295,0.012111484,-0.618857
215623554,-2.0,-2.0,-1.0,-0.0,0.0,0.006687575,-0.072408296,-0.0071866387,-0.12666743,0.1946997,-2.2998393,0.0,0.0,0.0,-0.007972715,0.01225481,-0.61725914
215719167,-2.0,-2.0,-1.0,-0.0,0.0,0.0037094885,-0.07046161,-0.007786953,-0.12109938,0.18285328,-2.2547176,0.0,0.0,0.0,-0.0075938897,0.011466348,-0.6149586
215825427,-2.0,-2.0,-1.0,-0.0,0.0,0.001180106,-0.06864975,-0.007309242,-0.07321856,0.16089272,-2.2206976,0.0,0.0,0.0,-0.0045793536,0.010062813,-0.6132241
215921159,-2.0,-2.0,-1.0,-0.0,0.0,0.0004901226,-0.067514874,-0.006800052,-0.04215205,0.16393495,-2.2049217,0.0,0.0,0.0,-0.0026315232,0.010234346,-0.6124197
216016808,-2.0,-2.0,-1.0,-0.0,0.0,0.0010513599,-0.066607095,-0.005800008,-0.021449462,0.15609199,-2.2022672,0.0,0.0,0.0,-0.0013392228,0.009745789,-0.61228436
216122815,-2.0,-2.0,-1.0,-0.0,0.0,0.0025920207,-0.06579075,-0.0044483626,-0.014167182,0.14731461,-2.1567323,0.0,0.0,0.0,-0.0008811519,0.009162481,-0.60996276
216218657,-2.0,-2.0,-1.0,-0.0,0.0,0.004343205,-0.06523547,-0.0024487758,-0.010325715,0.17408127,-2.1035604,0.0,0.0,0.0,-0.000639513,0.010781552,-0.6072517
216324761,-2.0,-2.0,-1.0,-0.0,0.0,0.006755286,-0.06476126,3.8847793e-05,0.038870774,0.13287908,-2.1759458,0.0,0.0,0.0,0.0024218268,0.008278974,-0.61094236
216420307,-2.0,-2.0,-1.0,-0.0,0.0,0.009462052,-0.06423829,0.00044727675,0.033309273,0.14256501,-2.2607822,0.0,0.0,0.0,0.002090196,0.008946121,-0.6152678
216516228,-2.0,-2.0,-1.0,-0.0,0.0,0.011512929,-0.06320069,-0.0008524861,-0.047248393,0.15146363,-2.3386354,0.0,0.0,0.0,-0.002983905,0.009565469,-0.61923724
216622388,-2.0,-2.0,-1.0,-0.0,0.0,0.011527949,-0.06138108,-0.0029413188,-0.09987144,0.19970661,-2.3331385,0.0,0.0,0.0,-0.006303369,0.012604451,-0.6189569
216717997,-2.0,-2.0,-1.0,-0.0,0.0,0.009502583,-0.05919204,-0.0043407166,-0.14089388,0.19300485,-2.2948213,0.0,0.0,0.0,-0.008864071,0.012142535,-0.6170033
216824096,-2.0,-2.0,-1.0,-0.0,0.0,0.0062448317,-0.056693055,-0.0042025293,-0.08712174,0.1575523,-2.2384026,0.0,0.0,0.0,-0.0054563,0.0098672565,-0.61412674
216919771,-2.0,-2.0,-1.0,-0.0,0.0,0.0041059786,-0.05496023,-0.0030057812,-0.051072128,0.13869119,-2.2359188,0.0,0.0,0.0,-0.0031976418,0.008683498,-0.61400014
217026021,-2.0,-2.0,-1.0,-0.0,0.0,0.004056626,-0.053659655,-0.00336796,0.011002712,0.17507535,-2.3514135,0.0,0.0,0.0,0.0006954244,0.011065607,-0.6198887
217121579,-2.0,-2.0,-1.0,-0.0,0.0,0.0045713717,-0.0524194,-0.004478341,-0.076000415,0.18514729,-2.3079762,0.0,0.0,0.0,-0.0047870283,0.011661849,-0.61767405
217217407,-2.0,-2.0,-1.0,-0.0,0.0,0.0040044123,-0.050748684,-0.0036678666,-0.08007029,0.18929052,-2.203736,0.0,0.0,0.0,-0.0050002416,0.011820843,-0.6123593
217323452,-2.0,-2.0,-1.0,-0.0,0.0,0.0034028823,-0.049064018,-0.0011779274,-0.05031426,0.17423785,-2.1498232,0.0,0.0,0.0,-0.0031270431,0.010828923,-0.6096105
217419193,-2.0,-2.0,-1.0,-0.0,0.0,0.004341298,-0.0483068,0.00017640926,0.019443832,0.1726231,-2.2393465,0.0,0.0,0.0,0.001217598,0.010809883,-0.6141749
217525362,-2.0,-2.0,-1.0,-0.0,0.0,0.0064637,-0.047517158,-0.0005752351,-0.023611002,0.18126273,-2.2895677,0.0,0.0,0.0,-0.0014849359,0.011399921,-0.61673546
217620964,-2.0,-2.0,-1.0,-0.0,0.0,0.007167035,-0.04662464,-0.00036069402,-0.09062162,0.20146513,-2.1728919,0.0,0.0,0.0,-0.0056447904,0.012549196,-0.6107867
217716698,-2.0,-2.0,-1.0,-0.0,0.0,0.007103377,-0.04575298,0.001388303,-0.02652143,0.14918935,-2.1834378,0.0,0.0,0.0,-0.0016535185,0.009301436,-0.61132437
217822953,-2.0,-2.0,-1.0,-0.0,0.0,0.008163386,-0.045312025,0.0013953121,-0.005753547,0.17436755,-2.2873497,0.0,0.0,0.0,-0.00036175124,0.010963268,-0.6166224
217918570,-2.0,-2.0,-1.0,-0.0,0.0,0.0091111,-0.044854023,0.00037955982,-0.055944316,0.15384775,-2.2782295,0.0,0.0,0.0,-0.0035157003,0.009668231,-0.61615735
218024628,-2.0,-2.0,-1.0,-0.0,0.0,0.008872681,-0.044129826,0.0011193128,-0.05253103,0.18836212,-2.179569,0.0,0.0,0.0,-0.0032733486,0.011737345,-0.6111271
218120504,-2.0,-2.0,-1.0,-0.0,0.0,0.009038621,-0.043609597,0.0016978476,-0.014420889,0.17145759,-2.2518895,0.0,0.0,0.0,-0.0009039572,0.0107476255,-0.6148144
218226629,-2.0,-2.0,-1.0,-0.0,0.0,0.009981089,-0.04319141,0.00021108123,-0.027080767,0.17341834,-2.3300092,0.0,0.0,0.0,-0.0017089279,0.01094354,-0.6187974
218322296,-2.0,-2.0,-1.0,-0.0,0.0,0.009925538,-0.042472698,-0.000533178,-0.08507769,0.17779964,-2.2213364,0.0,0.0,0.0,-0.005320468,0.011118981,-0.61325663
218417940,-2.0,-2.0,-1.0,-0.0,0.0,0.009019309,-0.041505434,0.0004859541,-0.047056973,0.1715067,-2.191612,0.0,0.0,0.0,-0.002935319,0.010698241,-0.6117411
218524137,-2.0,-2.0,-1.0,-0.0,0.0,0.008983784,-0.040475465,0.0015049609,-0.0053938553,0.20269793,-2.215329,0.0,0.0,0.0,-0.0003371719,0.012670723,-0.6129503
218619790,-2.0,-2.0,-1.0,-0.0,0.0,0.009913378,-0.03967712,0.00097011076,-0.010552734,0.18540096,-2.3099225,0.0,0.0,0.0,-0.0006646418,0.011677091,-0.6177733
218725914,-2.0000112,-1.9999106,-1.0000261,1.8325099e-07,0.0,0.008582516,-0.022162953,-0.005756468,-0.07802485,0.3209226,-2.3758755,0.0,0.0,0.0,-0.0049418234,0.020326126,-0.62113595
218821792,-2.0002832,-1.9977275,-1.0006627,2.6899515e-05,0.0,0.0011655232,0.033027343,-0.023264084,-0.14530763,0.61592835,-2.494077,0.0,0.0,0.0,-0.00929297,0.039390936,-0.6271625
218917343,-2.001583,-1.9870315,-1.0037827,0.0003155204,0.0,-0.014558582,0.1486719,-0.05665923,-0.22245988,1.0957178,-2.5489671,0.0,0.0,0.0,-0.014290412,0.070386894,-0.62996113
219023576,-2.0051591,-1.9564126,-1.0127245,0.0017234342,0.0,-0.040304758,0.3545514,-0.11203255,-0.22364666,1.6312798,-2.629655,0.0,0.0,0.0,-0.0144604435,0.10547455,-0.6340751
219119119,-2.0089042,-1.9228762,-1.0225347,0.0038313856,0.0,-0.058153376,0.5168913,-0.15123029,-0.1628688,1.8829999,-2.5895786,0.0,0.0,0.0,-0.010496769,0.121357895,-0.63203174
219225325,-2.0164335,-1.8510534,-1.043605,0.009619873,0.0,-0.07923392,0.77984375,-0.21749362,-0.080239415,2.3545856,-2.7267404,0.0,0.0,0.0,-0.0052286,0.15343066,-0.6390251
219321061,-2.0224848,-1.7885647,-1.0620089,0.015665796,0.0,-0.08657432,0.945676,-0.25580913,-0.08107203,2.407909,-2.659418,0.0,0.0,0.0,-0.0052544726,0.15606235,-0.6355926
219427212,-2.032461,-1.6733968,-1.0961238,0.028475992,0.0,-0.09280214,1.2003708,-0.31998083,-0.045297347,2.473434,-2.5526888,0.0,0.0,0.0,-0.002910694,0.1589367,-0.6301509
219522910,-2.0408773,-1.5586147,-1.1304103,0.042578716,0.0,-0.08955524,1.3968748,-0.37066734,0.07901307,2.3212173,-2.4509602,0.0,0.0,0.0,0.005035397,0.14792807,-0.6249642
219618605,-2.047135,-1.4550457,-1.1616236,0.05578462,0.0,-0.078687295,1.5286806,-0.40835425,0.26576275,2.047155,-2.4334164,0.0,0.0,0.0,0.016912472,0.13027577,-0.6240697
219724695,-2.0547464,-1.2806623,-1.2148409,0.07752764,0.0,-0.05242251,1.7617066,-0.48638994,0.40879396,1.8889512,-2.5418668,0.0,0.0,0.0,0.026245127,0.12127323,-0.62959915
219820417,-2.0580084,-1.151584,-1.2548149,0.09201908,0.0,-0.02209344,1.8664342,-0.51847637,0.43025613,1.6241992,-2.4863057,0.0,0.0,0.0,0.027498776,0.10380674,-0.6267663
219926688,-2.058899,-0.93836874,-1.3213925,0.11032341,0.0,0.038115915,2.0411143,-0.550157,0.5124538,1.4074962,-2.3236208,0.0,0.0,0.0,0.032318775,0.08876616,-0.6184717
220022301,-2.055123,-0.7876339,-1.3660041,0.117274344,0.0,0.09079898,2.0773716,-0.52596545,0.62044233,1.1477002,-2.070774,0.0,0.0,0.0,0.0383136,0.07087287,-0.6055801
220117955,-2.043438,-0.59670085,-1.4162232,0.11747597,0.0,0.17386474,2.1105669,-0.46768096,0.83832383,0.87807,-1.8829011,0.0,0.0,0.0,0.050949104,0.053364683,-0.5960012
220224186,-2.0227892,-0.4078837,-1.457277,0.10748933,0.0,0.2701061,2.0710971,-0.37702864,0.9554497,0.51024836,-1.8003415,0.0,0.0,0.0,0.05765769,0.030791514,-0.59179187
220319774,-1.9925922,-0.224293,-1.4884589,0.08803356,0.0,0.37308642,2.0201218,-0.28945807,1.0436313,0.1797874,-1.7444708,0.0,0.0,0.0,0.06267603,0.010797261,-0.58894324
220425879,-1.9437166,-0.012728201,-1.5147316,0.054893803,0.0,0.49769875,1.9622343,-0.21351738,1.1707513,0.004445851,-1.7774314,0.0,0.0,0.0,0.07051084,0.00026776028,-0.5906238
220521727,-1.892788,0.15615994,-1.5304188,0.022186108,0.0,0.5957067,1.904317,-0.18358913,1.2795448,-0.03703332,-2.0776534,0.0,0.0,0.0,0.0790602,-0.0022882055,-0.60593086
220627810,-1.8329532,0.31882995,-1.5438269,-0.012162675,0.0,0.6857338,1.8394344,-0.18864213,1.269023,0.07213545,-2.5117884,0.0,0.0,0.0,0.081274696,0.0046199216,-0.6280656
220723558,-1.7643621,0.4757741,-1.5578786,-0.045676585,0.0,0.7857071,1.793707,-0.21809205,1.1755143,0.1698755,-2.9136984,0.0,0.0,0.0,0.07774186,0.011234604,-0.64855725
220819156,-1.7030213,0.59718794,-1.5709628,-0.07071786,0.0,0.85784787,1.7241628,-0.24457598,0.98794615,0.22547662,-2.9972935,0.0,0.0,0.0,0.06576704,0.015009857,-0.65281945
220925447,-1.5991662,0.77105635,-1.5941913,-0.10473314,0.0,0.9993967,1.6537473,-0.2759325,0.9785408,0.27748364,-2.9690855,0.0,0.0,0.0,0.064997144,0.01843116,-0.65138125
221020947,-1.499843,0.9053494,-1.614815,-0.13114482,0.0,1.1069423,1.5725224,-0.29000783,1.0558977,0.24255943,-2.876163,0.0,0.0,0.0,0.06962486,0.015994133,-0.6466435
221127138,-1.3891292,1.0279421,-1.6345084,-0.15615864,0.0,1.1858777,1.4729639,-0.2975164,0.98977435,0.10501379,-2.8352847,0.0,0.0,0.0,0.06505476,0.0069022267,-0.64455926
221222984,-1.2727894,1.1420033,-1.6558346,-0.17527765,0.0,1.2409351,1.3946496,-0.3159004,0.7987981,0.07152355,-2.7233636,0.0,0.0,0.0,0.05203772,0.004659403,-0.6388529
221318461,-1.1786355,1.2289178,-1.6756953,-0.1841018,0.0,1.2360318,1.3219527,-0.3348381,0.64377534,0.025373518,-2.6316347,0.0,0.0,0.0,0.041631572,0.001640851,-0.634176
221424786,-1.0382173,1.3538722,-1.7119735,-0.18487129,0.0,1.2429974,1.2734855,-0.39896226,0.68252766,0.15384644,-0.47900587,0.0,0.0,0.0,0.045214586,0.010191679,-0.6496584
221520348,-0.94538224,1.4340496,-1.7410645,-0.17713545,0.0,1.2195827,1.2156901,-0.4378607,0.652004,0.24447861,-0.48897177,0.0,0.0,0.0,0.04325875,0.016220516,-0.65065354
221615931,-0.82905155,1.5308181,-1.7830843,-0.15929861,0.0,1.235194,1.1676908,-0.49472696,0.87656236,0.3282244,-0.42289442,0.0,0.0,0.0,0.057795443,0.021641215,-0.6465952
221722304,-0.7098778,1.6235107,-1.8310279,-0.13434818,0.0,1.2722777,1.1020885,-0.5380917,1.2738945,0.17759423,-0.25184113,0.0,0.0,0.0,0.082317404,0.011475908,-0.63368946
221828532,-0.55773425,1.7289802,-1.8952615,-0.098660365,0.0,1.4079561,1.0394492,-0.5914305,1.9224447,-0.082274154,-0.16071224,0.0,0.0,0.0,0.12319429,-0.005272301,-0.6284303
221924070,-0.41782483,1.8121014,-1.9530939,-0.06731726,0.0,1.5833387,0.9916374,-0.6249344,2.3681498,-0.3438633,-0.017622694,0.0,0.0,0.0,0.14914614,-0.02165652,-0.61762345
222019723,-0.29353273,1.8759141,-2.001278,-0.04297461,0.0,1.7398667,0.94186527,-0.6287467,2.5306802,-0.57818735,0.27698964,0.0,0.0,0.0,0.1542461,-0.03524078,-0.5977199
222126083,-0.07988074,1.9690149,-2.0752177,-0.009867963,0.0,2.0798233,0.8951157,-0.6319968,2.9790337,-0.90583783,0.4663298,0.0,0.0,0.0,0.17769182,-0.054030925,-0.5849415
222221595,0.08464641,2.0310886,-2.1246483,0.009325938,0.0,2.2756424,0.8130384,-0.59386647,2.825631,-1.0919049,0.6626263,0.0,0.0,0.0,0.16496396,-0.06374681,-0.5725245
222317116,0.31455937,2.103132,-2.1826015,0.032206766,0.0,2.5388339,0.6746003,-0.52503824,2.7142966,-1.509459,0.908787,0.0,0.0,0.0,0.15414889,-0.08572439,-0.55693394
222423452,0.6164417,2.1642206,-2.2383168,0.062794,0.0,2.7937505,0.39816356,-0.39177936,2.3314943,-2.1801553,1.1505266,0.0,0.0,0.0,0.12895392,-0.12058342,-0.5424019
222518971,0.8275805,2.1828978,-2.2640612,0.086396076,0.0,2.8361576,0.13444467,-0.27079397,1.5648379,-2.569735,1.165807,0.0,0.0,0.0,0.08646963,-0.14199811,-0.5418948
222625323,1.1500139,2.1730645,-2.2837443,0.12642512,0.0,2.8914895,-0.28799963,-0.08984658,0.63162553,-3.1908107,1.3731127,0.0,0.0,0.0,0.03405113,-0.17201762,-0.52867955
222720941,1.3637009,2.1410742,-2.28448,0.15515548,0.0,2.7989233,-0.5696527,0.021800961,-0.1627084,-3.300965,1.1560909,0.0,0.0,0.0,-0.009005327,-0.18269657,-0.5427629
222816484,1.6235825,2.0743897,-2.272837,0.19144592,0.0,2.6847324,-0.89315975,0.14075309,-0.92666584,-3.3272934,0.98912215,0.0,0.0,0.0,-0.052301023,-0.18779245,-0.5534873
222922875,1.8698581,1.9815544,-2.2494152,0.2258446,0.0,2.4821,-1.1656075,0.22957715,-1.4938202,-3.0054026,0.6849263,0.0,0.0,0.0,-0.08727979,-0.17559737,-0.5729754
223018345,2.0970824,1.8669937,-2.2168672,0.25599012,0.0,2.2547793,-1.3927906,0.2950116,-1.8534807,-2.615845,0.3782727,0.0,0.0,0.0,-0.112120725,-0.15823768,-0.59322345
223124656,2.3378894,1.7067271,-2.1692827,0.28408596,0.0,1.9399629,-1.6267792,0.3494203,-2.16776,-2.1731772,0.014737904,0.0,0.0,0.0,-0.13670596,-0.1370476,-0.61843896
223220432,2.4758868,1.5884762,-2.1338928,0.29735437,0.0,1.6557332,-1.7286154,0.3629058,-2.3029523,-1.6590555,-0.1522758,0.0,0.0,0.0,-0.1479057,-0.10655183,-0.6298267
223326602,2.6450088,1.3949674,-2.0762012,0.3102046,0.0,1.2841431,-1.9146957,0.41259843,-2.4286842,-1.3993081,0.010576278,0.0,0.0,0.0,-0.15336592,-0.08836315,-0.6192675
223422246,2.7314572,1.2542325,-2.034109,0.31545833,0.0,1.0110643,-1.9882094,0.44038492,-2.354719,-1.1709342,-0.045724362,0.0,0.0,0.0,-0.149668,-0.07442561,-0.62331957
223517632,2.813219,1.0666331,-1.9765826,0.31674317,0.0,0.72526217,-2.1098385,0.49698603,-2.3304076,-1.1132241,0.09119052,0.0,0.0,0.0,-0.14604042,-0.06976278,-0.61455643
223624106,2.8782387,0.8282199,-1.9004791,0.3081828,0.0,0.43127015,-2.2490988,0.5756891,-2.2056806,-1.1608295,0.33745915,0.0,0.0,0.0,-0.13475114,-0.07091829,-0.59911567
223719588,2.9038992,0.66328865,-1.846162,0.2961333,0.0,0.24670523,-2.2724853,0.6082338,-1.9908566,-0.9372835,0.18249717,0.0,0.0,0.0,-0.12376398,-0.058267348,-0.60964227
223825963,2.9184213,0.4098976,-1.7612408,0.2698271,0.0,0.0055620875,-2.3561246,0.6564367,-1.8664991,-0.8129239,0.15744485,0.0,0.0,0.0,-0.11644663,-0.05071648,-0.6118151
223921395,2.9131753,0.23861761,-1.7037274,0.24817917,0.0,-0.15153319,-2.3448756,0.65865153,-1.6836956,-0.53882396,0.06892267,0.0,0.0,0.0,-0.106077075,-0.03394727,-0.6178439
224017062,2.8908706,0.023825085,-1.6326276,0.21855815,0.0,-0.3383446,-2.3619096,0.65641123,-1.5889596,-0.3015436,-0.09729965,0.0,0.0,0.0,-0.10205864,-0.0193681,-0.6298797
224123340,2.8522024,-0.1896477,-1.5642035,0.18833707,0.0,-0.5161592,-2.3334532,0.6286704,-1.5523378,-0.046947777,-0.13038561,0.0,0.0,0.0,-0.10013019,-0.003028265,-0.63255537
224218926,2.7987506,-0.3994006,-1.5000869,0.15967606,0.0,-0.6794401,-2.300934,0.5957782,-1.5295732,0.17493683,-0.16713265,0.0,0.0,0.0,-0.098974414,0.011319675,-0.6345615
224325274,2.718369,-0.6424108,-1.430339,0.12945054,0.0,-0.8407555,-2.2335458,0.5512395,-1.4284568,0.43096948,-0.29511717,0.0,0.0,0.0,-0.09364732,0.028253663,-0.6429066
224420838,2.6576326,-0.7966988,-1.3884438,0.11222119,0.0,-0.91184705,-2.1106334,0.5099465,-1.2641436,0.7232019,-0.21836558,0.0,0.0,0.0,-0.08213694,0.046989586,-0.6371812
224527140,2.561889,-1.0120034,-1.3315791,0.08955134,0.0,-0.9925147,-1.9511787,0.47035334,-0.97435004,1.1138326,-0.20722625,0.0,0.0,0.0,-0.06319877,0.072245955,-0.6360831
224622628,2.481739,-1.173014,-1.2886102,0.071899235,0.0,-1.0220981,-1.7666217,0.43681479,-0.6904962,1.4193593,-0.20003328,0.0,0.0,0.0,-0.04474301,0.09197213,-0.6354547
224718267,2.4179113,-1.2883533,-1.2570615,0.058155715,0.0,-1.0181613,-1.5726811,0.4053204,-0.45333835,1.610382,-0.118121475,0.0,0.0,0.0,-0.029118469,0.10343678,-0.62989277
224824694,2.3243454,-1.4376564,-1.2145196,0.037703834,0.0,-1.0095022,-1.3266318,0.36984485,-0.14754355,1.7774957,-0.08340946,0.0,0.0,0.0,-0.009437428,0.11369515,-0.6272697
224920132,2.264999,-1.5211314,-1.1893891,0.023940936,0.0,-0.97003937,-1.1268356,0.3345626,-0.0022764802,1.7635745,-0.18887712,0.0,0.0,0.0,-0.00014725703,0.11407907,-0.6343558
225026675,2.1837237,-1.6226954,-1.1565803,0.0028011962,0.0,-0.89879864,-0.88312393,0.29040346,0.09009534,1.661557,-0.1248171,0.0,0.0,0.0,0.005784838,0.106685184,-0.6296654
225122169,2.1365914,-1.6753758,-1.1379521,-0.011734063,0.0,-0.8165711,-0.708068,0.25425532,0.21637589,1.5351707,-0.15575601,0.0,0.0,0.0,0.013936468,0.09887819,-0.63163257
225217690,2.087598,-1.7257103,-1.1182361,-0.03045588,0.0,-0.70342815,-0.52849585,0.21370466,0.3222025,1.3647058,-0.214396,0.0,0.0,0.0,0.020867217,0.088384196,-0.6351208
225323894,2.0453057,-1.766143,-1.0995553,-0.053676885,0.0,-0.5497135,-0.34857643,0.16903721,0.47647762,1.1743513,-0.13746667,0.0,0.0,0.0,0.03060039,0.0754193,-0.62980485
225419495,2.0274804,-1.7830557,-1.0898682,-0.06950141,0.0,-0.44153875,-0.24489433,0.13864867,0.5405026,0.9240289,-0.19705442,0.0,0.0,0.0,0.034916174,0.059691764,-0.6335063
225525898,2.0149643,-1.797244,-1.0788854,-0.093423046,0.0,-0.31827933,-0.1479136,0.10764241,0.47120005,0.6509652,-0.11646916,0.0,0.0,0.0,0.030180141,0.041694015,-0.62811965
225621404,2.0139823,-1.8018018,-1.0734469,-0.10921365,0.0,-0.25751302,-0.10522206,0.09190064,0.3537907,0.50704646,-0.060300745,0.0,0.0,0.0,0.022521077,0.0322768,-0.6242709
225727775,2.2677357,-1.744109,0.5,-0.097166635,0.0,0.014083147,0.015547991,1.5,0.3730107,0.31764203,5.184385,0.0,0.0,0.0,0.01112782,0.009476039,-0.2925575
225823441,2.2677357,-1.744109,0.5,-0.097166635,0.0,0.02449131,0.027856708,1.5,0.24678764,0.3488964,2.3083675,0.0,0.0,0.0,0.011970118,0.016922774,-0.4756556
225918900,2.2677357,-1.744109,0.5,-0.097166635,0.0,0.030076265,0.04137039,1.4278016,-0.04686047,0.43316874,0.42272913,0.0,0.0,0.0,-0.0028499712,0.026344556,-0.59642005
226025254,2.2677357,-1.744109,0.5,-0.097166635,0.0,0.027777672,0.057540894,1.2527729,-0.2210485,0.448817,-0.6631522,0.0,0.0,0.0,-0.015010022,0.030476356,-0.66589606
226120700,2.2677357,-1.744109,0.5,-0.097166635,0.0,0.02239108,0.07086706,1.0989804,-0.083471775,0.37330064,-0.9971204,0.0,0.0,0.0,-0.0058433767,0.02613262,-0.68649393
226227086,2.2677357,-1.744109,0.5,-0.097166635,0.0,0.021338701,0.08170152,0.94299376,0.1211914,0.2607824,-1.1202643,0.0,0.0,0.0,0.008575368,0.01845267,-0.69393325
226322603,2.2677357,-1.744109,0.5,-0.097166635,0.0,0.02572012,0.088266015,0.8207471,0.16445316,0.29486388,-0.92401385,0.0,0.0,0.0,0.011409623,0.02045741,-0.6804142
226418257,2.2677357,-1.744109,0.5,-0.097166635,0.0,0.03337121,0.09268832,0.7209045,0.24501148,0.21857624,-0.5815039,0.0,0.0,0.0,0.016434574,0.014661386,-0.65778637
226524505,2.2677357,-1.744109,0.5,-0.097166635,0.0,0.044086933,0.094065666,0.633545,0.1943691,0.065795474,-0.08709143,0.0,0.0,0.0,0.012387504,0.0041932683,-0.625061
226620100,2.2677357,-1.744109,0.5,-0.097166635,0.0,0.050900936,0.094474554,0.6012875,0.41537076,0.62012696,3.9012463,0.0,0.0,0.0,0.015789015,0.023572179,-0.3727727
226726461,nan,nan,nan,-0.1260823,0.0,-0.052752998,-0.035206366,-0.09698181,0.03312105,0.1847882,0.067949,0.0,0.0,0.0,0.002075946,0.01158207,-0.6146906
226822043,nan,nan,nan,-0.1260823,0.0,-0.037265252,-0.024870135,-0.024859348,-0.0278223,0.19392994,1.5278059,0.0,0.0,0.0,-0.001482311,0.0103321625,-0.5223992
226917639,nan,nan,nan,-0.1260823,0.0,-0.023669949,-0.015796883,0.11722275,0.029581927,0.32391042,2.528251,0.0,0.0,0.0,0.0013851889,0.015167272,-0.45918533
227023879,nan,nan,nan,-0.1260823,0.0,-0.010730032,-0.007161024,0.35651296,-0.012680769,0.15221429,4.096694,0.0,0.0,0.0,-0.0004654367,0.0055868938,-0.3599998
227119472,nan,nan,nan,-0.1260823,0.0,-0.0026992518,-0.0018014304,0.5440669,0.3090331,0.01472972,5.0256267,0.0,0.0,0.0,0.009489907,0.00045232585,-0.3011456
227225766,2.1920462,-1.8708273,nan,-0.1260823,0.0,0.001395464,0.00018811226,0.6585448,0.055554897,0.13231547,4.935159,0.0,0.0,0.0,0.001736925,0.004136846,-0.30660778
227321418,2.1920462,-1.8708273,nan,-0.1260823,0.0,0.0030608177,0.0018376112,0.7,-0.06224228,0.17786315,4.431879,0.0,0.0,0.0,-0.00214572,0.0061315964,-0.3380442
227427609,nan,nan,nan,-0.10441497,0.0,nan,nan,nan,0.0,0.0,100.0,0.0,0.0,0.0,-0.0,-0.0,-0.12
227523287,nan,nan,nan,-0.109286614,0.0,nan,nan,nan,0.0,0.0,100.0,0.0,0.0,0.0,-0.0,-0.0,-0.12
227618901,nan,nan,nan,-0.10685078,0.0,nan,nan,nan,0.0,0.0,100.0,0.0,0.0,0.0,-0.0,-0.0,-0.12
227725114,nan,nan,nan,-0.10617222,0.0,nan,nan,nan,0.0,0.0,100.0,0.0,0.0,0.0,-0.0,-0.0,-0.12
227820751,nan,nan,nan,-0.10741674,0.0,nan,nan,nan,0.0,0.0,100.0,0.0,0.0,0.0,-0.0,-0.0,-0.12
227916393,nan,nan,nan,-0.10630979,0.0,nan,nan,nan,0.0,0.0,100.0,0.0,0.0,0.0,-0.0,-0.0,-0.12
228022665,nan,nan,nan,-0.10696011,0.0,nan,nan,nan,0.0,0.0,100.0,0.0,0.0,0.0,-0.0,-0.0,-0.12
228118267,nan,nan,nan,-0.107864946,0.0,nan,nan,nan,0.0,0.0,100.0,0.0,0.0,0.0,-0.0,-0.0,-0.001
228224472,nan,nan,nan,-0.10639572,0.0,nan,nan,nan,0.0,0.0,100.0,0.0,0.0,0.0,-0.0,-0.0,-0.001
228320110,nan,nan,nan,-0.1078321,0.0,nan,nan,nan,0.0,0.0,100.0,0.0,0.0,0.0,-0.0,-0.0,-0.001
228415858,nan,nan,nan,-0.106506296,0.0,nan,nan,nan,0.0,0.0,100.0,0.0,0.0,0.0,-0.0,-0.0,-0.001
228521940,nan,nan,nan,-0.10689588,0.0,nan,nan,nan,0.0,0.0,100.0,0.0,0.0,0.0,-0.0,-0.0,-0.001
228617533,nan,nan,nan,-0.107068,0.0,nan,nan,nan,0.0,0.0,100.0,0.0,0.0,0.0,-0.0,-0.0,-0.001
228723811,nan,nan,nan,-0.10647495,0.0,nan,nan,nan,0.0,0.0,100.0,0.0,0.0,0.0,-0.0,-0.0,-0.001
228819516,nan,nan,nan,-0.106812894,0.0,nan,nan,nan,0.0,0.0,100.0,0.0,0.0,0.0,-0.0,-0.0,-0.001
228925684,nan,nan,nan,-0.10653805,0.0,nan,nan,nan,0.0,0.0,100.0,0.0,0.0,0.0,-0.0,-0.0,-0.001
229021319,nan,nan,nan,-0.106352545,0.0,nan,nan,nan,0.0,0.0,100.0,0.0,0.0,0.0,-0.0,-0.0,-0.001
229117010,nan,nan,nan,-0.10675504,0.0,nan,nan,nan,0.0,0.0,100.0,0.0,0.0,0.0,-0.0,-0.0,-0.001
229223254,nan,nan,nan,-0.106575556,0.0,nan,nan,nan,0.0,0.0,100.0,0.0,0.0,0.0,-0.0,-0.0,-0.001
229318887,nan,nan,nan,-0.106442876,0.0,nan,nan,nan,0.0,0.0,100.0,0.0,0.0,0.0,-0.0,-0.0,-0.001
229425086,nan,nan,nan,-0.10640481,0.0,nan,nan,nan,0.0,0.0,100.0,0.0,0.0,0.0,-0.0,-0.0,-0.001
229520692,nan,nan,nan,-0.10614974,0.0,nan,nan,nan,0.0,0.0,100.0,0.0,0.0,0.0,-0.0,-0.0,-0.001
229616506,nan,nan,nan,-0.106129475,0.0,nan,nan,nan,0.0,0.0,100.0,0.0,0.0,0.0,-0.0,-0.0,-0.001
229722568,nan,nan,nan,-0.10604233,0.0,nan,nan,nan,0.0,0.0,100.0,0.0,0.0,0.0,-0.0,-0.0,-0.001
229818169,nan,nan,nan,-0.10596746,0.0,nan,nan,nan,0.0,0.0,100.0,0.0,0.0,0.0,-0.0,-0.0,-0.001
229924416,nan,nan,nan,-0.10606827,0.0,nan,nan,nan,0.0,0.0,100.0,0.0,0.0,0.0,-0.0,-0.0,-0.001
230020097,nan,nan,nan,-0.10597454,0.0,nan,nan,nan,0.0,0.0,100.0,0.0,0.0,0.0,-0.0,-0.0,-0.001
230126378,nan,nan,nan,-0.105837695,0.0,nan,nan,nan,0.0,0.0,100.0,0.0,0.0,0.0,-0.0,-0.0,-0.001
230222035,nan,nan,nan,-0.10570884,0.0,nan,nan,nan,0.0,0.0,100.0,0.0,0.0,0.0,-0.0,-0.0,-0.001
230317738,nan,nan,nan,-0.10557719,0.0,nan,nan,nan,0.0,0.0,100.0,0.0,0.0,0.0,-0.0,-0.0,-0.001
230423847,nan,nan,nan,-0.105614685,0.0,nan,nan,nan,0.0,0.0,100.0,0.0,0.0,0.0,-0.0,-0.0,-0.001
230519450,nan,nan,nan,-0.105068244,0.0,nan,nan,nan,0.0,0.0,100.0,0.0,0.0,0.0,-0.0,-0.0,-0.001
230625613,nan,nan,nan,-0.105305,0.0,nan,nan,nan,0.0,0.0,100.0,0.0,0.0,0.0,-0.0,-0.0,-0.001
230721287,nan,nan,nan,-0.10515214,0.0,nan,nan,nan,0.0,0.0,100.0,0.0,0.0,0.0,-0.0,-0.0,-0.001
230816961,nan,nan,nan,-0.104939826,0.0,nan,nan,nan,0.0,0.0,100.0,0.0,0.0,0.0,-0.0,-0.0,-0.001
230923193,nan,nan,nan,-0.10503204,0.0,nan,nan,nan,0.0,0.0,100.0,0.0,0.0,0.0,-0.0,-0.0,-0.001
231018840,nan,nan,nan,-0.10503832,0.0,nan,nan,nan,0.0,0.0,100.0,0.0,0.0,0.0,-0.0,-0.0,-0.001
