timestamp,timestamp_sample,ref_timestamp,ref_lat,ref_lon,x,y,z,delta_xy[0],delta_xy[1],delta_z,vx,vy,vz,z_deriv,delta_vxy[0],delta_vxy[1],delta_vz,ax,ay,az,heading,delta_heading,ref_alt,dist_bottom,eph,epv,evh,evv,vxy_max,vz_max,hagl_min,hagl_max,xy_valid,z_valid,v_xy_valid,v_z_valid,xy_reset_counter,z_reset_counter,vxy_reset_counter,vz_reset_counter,heading_reset_counter,heading_good_for_control,xy_global,z_global,dist_bottom_valid,dist_bottom_sensor_bitfield
133490392,133489817,0,nan,nan,-1.1593807,-1.893429,-0.14767145,-1.1594316,-1.8934613,-1.1714145,2.2702183e-05,-9.043072e-05,-0.0011889406,-0.0011080062,-0.007731634,0.0012054658,-0.0022163761,0.0024916544,0.045148507,-0.04358559,0.05604215,2.5497687,nan,0.1000165,0.012618464,0.008811507,0.038629506,0.026514878,inf,inf,inf,inf,1,1,1,1,3,2,2,1,4,1,0,0,1,0
133500116,133499701,0,nan,nan,-1.1593802,-1.8934263,-0.14768307,-1.1594316,-1.8934613,-1.1714145,9.7543096e-05,0.00043421757,-0.0013114897,-0.0012309859,-0.007731634,0.0012054658,-0.0022163761,-0.020522531,0.041814387,-0.037338417,0.05604168,2.5497687,nan,0.10002055,0.012896311,0.009000155,0.039103802,0.026825136,inf,inf,inf,inf,1,1,1,1,3,2,2,1,4,1,0,0,1,0
133589231,133588660,0,nan,nan,-1.1593441,-1.8934001,-0.14777131,-1.1594316,-1.8934613,-1.1714145,0.0009331106,-0.00070083037,-0.0016168343,-0.0015019629,-0.007731634,0.0012054658,-0.0022163761,0.017838566,-0.0897662,-0.02536276,0.055985123,2.5497687,nan,0.100142546,0.012628284,0.008817745,0.03866743,0.026539156,inf,inf,inf,inf,1,1,1,1,3,2,2,1,4,1,0,0,1,0
133697828,133697387,0,nan,nan,-1.1592554,-1.8934258,-0.14792049,-1.1594316,-1.8934613,-1.1714145,0.0010041755,-0.00048358462,-0.0019411545,-0.0017969898,-0.007731634,0.0012054658,-0.0022163761,0.01836494,0.0059728003,-0.01944466,0.05603432,2.5497687,nan,0.100154705,0.014436523,0.0100427065,0.041588586,0.028441153,inf,inf,inf,inf,1,1,1,1,3,2,2,1,4,1,0,0,1,0
133786785,133786346,0,nan,nan,-1.1592236,-1.8934383,-0.14809208,-1.1594316,-1.8934613,-1.1714145,0.0009353247,-0.0005405122,-0.002463722,-0.0023050355,-0.007731634,0.0012054658,-0.0022163761,0.04630429,0.032621652,0.06688378,0.05594487,2.5497687,nan,0.10017643,0.01538596,0.010690343,0.042643808,0.029126408,inf,inf,inf,inf,1,1,1,1,3,2,2,1,4,1,0,0,1,0
133895510,133895073,0,nan,nan,-1.1591918,-1.893499,-0.14830731,-1.1594316,-1.8934613,-1.1714145,0.00162324,0.0012088567,-0.0018808674,-0.0016917562,-0.007731634,0.0012054658,-0.0022163761,0.26469427,0.4182338,0.16367199,0.056026783,2.5497687,nan,0.10023386,0.014906807,0.010376539,0.04136678,0.028302945,inf,inf,inf,inf,1,1,1,1,3,2,2,1,4,1,0,0,1,0
133994439,133993917,0,nan,nan,-1.1591895,-1.8935183,-0.14849599,-1.1594316,-1.8934613,-1.1714145,0.0009942078,0.0022275266,-0.0029727716,-0.002727523,-0.007731634,0.0012054658,-0.0022163761,0.13920896,0.48237056,0.0034717952,0.055934247,2.5497687,nan,0.10037472,0.013857745,0.009672752,0.039443973,0.027048748,inf,inf,inf,inf,1,1,1,1,3,2,2,1,4,1,0,0,1,0
134093186,134092761,0,nan,nan,-1.1592412,-1.8935388,-0.14866339,-1.1594316,-1.8934613,-1.1714145,-0.0008149604,-0.0009686573,-0.0035176151,-0.0031875928,-0.007731634,0.0012054658,-0.0022163761,-0.49582306,-0.27676588,-0.45464095,0.055836573,2.5497687,nan,0.10038722,0.01492718,0.010399231,0.04104256,0.028087562,inf,inf,inf,inf,1,1,1,1,3,2,2,1,4,1,0,0,1,0
134192045,134191603,0,nan,nan,-1.1592847,-1.8934971,-0.14883716,-1.1594316,-1.8934613,-1.1714145,0.0016151617,0.00054143835,-0.0025532807,-0.0021368803,-0.007731634,0.0012054658,-0.0022163761,0.25683302,-0.06501436,0.08612985,0.055635408,2.5497687,nan,0.10057754,0.015858889,0.011031572,0.04240746,0.028969977,inf,inf,inf,inf,1,1,1,1,3,2,2,1,4,1,0,0,1,0
134290875,134290446,0,nan,nan,-1.1593394,-1.8934354,-0.14902833,-1.1594316,-1.8934613,-1.1714145,0.00024671498,-0.00038975102,-0.0037635923,-0.003219917,-0.007731634,0.0012054658,-0.0022163761,-0.18893123,-0.058375016,-0.17493218,0.055473357,2.5497687,nan,0.10076871,0.016544588,0.011500052,0.04319696,0.029476387,inf,inf,inf,inf,1,1,1,1,3,2,2,1,4,1,0,0,1,0
134389699,134389289,0,nan,nan,-1.1593908,-1.893385,-0.14920683,-1.1594316,-1.8934613,-1.1714145,0.0008905206,-0.00037551727,-0.0031322488,-0.0024865011,-0.007731634,0.0012054658,-0.0022163761,0.17060044,-0.03062606,0.24631056,0.055375475,2.5497687,nan,0.10094721,0.017004384,0.011817142,0.04359999,0.029735807,inf,inf,inf,inf,1,1,1,1,3,2,2,1,4,1,0,0,1,0
134488691,134488132,0,nan,nan,-1.1594098,-1.8933264,-0.14945014,-1.1594316,-1.8934613,-1.1714145,8.445991e-05,-0.0012734615,-0.0033983397,-0.0026881534,-0.007731634,0.0012054658,-0.0022163761,-0.2314261,-0.22967322,0.109034896,0.055400215,2.5497687,nan,0.101190515,0.014750663,0.0102992,0.04015508,0.027495699,inf,inf,inf,inf,1,1,1,1,3,2,2,1,4,1,0,0,1,0
134597338,134596859,0,nan,nan,-1.1594512,-1.8932457,-0.14974937,-1.1594316,-1.8934613,-1.1714145,0.0011563357,-0.0006411193,-0.0048228647,-0.004064902,-0.007731634,0.0012054658,-0.0022163761,0.34957388,-0.8787112,0.13422997,0.05532441,2.5497687,nan,0.101489745,0.015906593,0.011074194,0.042415973,0.028952753,inf,inf,inf,inf,1,1,1,1,3,2,2,1,4,1,0,0,1,0
134686284,134685818,0,nan,nan,-1.1595118,-1.8931805,-0.15011144,-1.1594316,-1.8934613,-1.1714145,0.00091069774,-0.0006746647,-0.0068504484,-0.00607253,-0.007731634,0.0012054658,-0.0022163761,0.51867247,-0.30442145,0.16296718,0.05507339,2.5497687,nan,0.10185181,0.016295923,0.011334687,0.043107726,0.029393172,inf,inf,inf,inf,1,1,1,1,3,2,2,1,4,1,0,0,1,0
134794997,134794546,0,nan,nan,-1.1597408,-1.893081,-0.15058596,-1.1594316,-1.8934613,-1.1714145,-0.0007838564,0.0014624174,-0.008292087,-0.007487572,-0.007731634,0.0012054658,-0.0022163761,-0.008589215,0.056037378,-0.39053926,0.0547945,2.5497687,nan,0.10232634,0.015324486,0.010669806,0.042162172,0.028775135,inf,inf,inf,inf,1,1,1,1,3,2,2,1,4,1,0,0,1,0
134893950,134893389,0,nan,nan,-1.1598806,-1.8929769,-0.1512576,-1.1594316,-1.8934613,-1.1714145,-0.00038725472,-0.00014320808,-0.00897186,-0.008141344,-0.007731634,0.0012054658,-0.0022163761,0.061570644,-0.28129563,0.24172533,0.054541916,2.5497687,nan,0.10299798,0.01402436,0.009788662,0.04018727,0.027495591,inf,inf,inf,inf,1,1,1,1,3,2,2,1,4,1,0,0,1,0
134992757,134992232,0,nan,nan,-1.1603765,-1.8927789,-0.15209417,-1.1594316,-1.8934613,-1.1714145,-0.0049021263,0.00042881968,-0.00819126,-0.007343876,-0.007731634,0.0012054658,-0.0022163761,-0.35423964,-0.56331384,-0.078633964,0.053915847,2.5497687,nan,0.10383455,0.013340773,0.009317176,0.039524566,0.027060734,inf,inf,inf,inf,1,1,1,1,3,2,2,1,4,1,0,0,1,0
135091942,135091075,0,nan,nan,-1.1610239,-1.8926281,-0.153527,-1.1594316,-1.8934613,-1.1714145,-0.005439199,0.005246877,-0.018650768,-0.017787045,-0.007731634,0.0012054658,-0.0022163761,-0.07277731,0.3355671,0.013350258,0.05301672,2.5497687,nan,0.10526738,0.012981781,0.009065616,0.039351337,0.02694072,inf,inf,inf,inf,1,1,1,1,3,2,2,1,4,1,0,0,1,0
135190452,135189918,0,nan,nan,-1.1623054,-1.8923696,-0.1558832,-1.1594316,-1.8934613,-1.1714145,-0.0149505995,0.011004766,-0.032610282,-0.0317501,-0.007731634,0.0012054658,-0.0022163761,-0.0403991,0.5089112,0.05346836,0.05270284,2.5497687,nan,0.10762357,0.012805671,0.008939532,0.039319504,0.026918445,inf,inf,inf,inf,1,1,1,1,3,2,2,1,4,1,0,0,1,0
135289214,135288761,0,nan,nan,-1.1650231,-1.8921738,-0.1593018,-1.1594316,-1.8934613,-1.1714145,-0.028568348,-0.008086516,-0.039022256,-0.038202837,-0.007731634,0.0012054658,-0.0022163761,-0.1922271,0.28853887,-0.034727246,0.051420353,2.5497687,nan,0.11104218,0.014255025,0.009914861,0.041779503,0.02849736,inf,inf,inf,inf,1,1,1,1,3,2,2,1,4,1,0,0,1,0
135388132,135387604,0,nan,nan,-1.1693097,-1.8919597,-0.1650622,-1.1594316,-1.8934613,-1.1714145,-0.05075479,-0.0046045845,-0.08233274,-0.08154948,-0.007731634,0.0012054658,-0.0022163761,-0.49873692,-1.2647218,-0.64524746,0.050252955,2.5497687,nan,0.11680258,0.012661772,0.008834377,0.03921029,0.026815273,inf,inf,inf,inf,1,1,1,1,3,2,2,1,4,1,0,0,1,0
135496744,135496332,0,nan,nan,-1.1785316,-1.8919318,-0.17645599,-1.1594316,-1.8934613,-1.1714145,-0.10746012,0.0073858458,-0.102166705,-0.10156264,-0.007731634,0.0012054658,-0.0022163761,-0.23590046,0.0767029,0.8062805,0.04716799,2.5497687,nan,0.12819636,0.012954855,0.009028007,0.039775737,0.027104609,inf,inf,inf,inf,1,1,1,1,3,2,2,1,4,1,0,0,1,0
135595565,135595175,0,nan,nan,-1.1930248,-1.8917329,-0.18622145,-1.1594316,-1.8934613,-1.1714145,-0.15523641,-0.007921871,-0.08662486,-0.08622631,-0.007731634,0.0012054658,-0.0022163761,-1.0225515,-0.3071097,0.56786495,0.036883526,2.5497687,nan,0.13796183,0.014513117,0.010072401,0.042256612,0.028661694,inf,inf,inf,inf,1,1,1,1,3,2,2,1,4,1,0,0,1,0
135694432,135694018,0,nan,nan,-1.21355,-1.8920294,-0.19496804,-1.1594316,-1.8934613,-1.1714145,-0.22077233,-0.011174226,-0.09754305,-0.09722435,-0.007731634,0.0012054658,-0.0022163761,-0.21691635,-0.21473636,-0.4124394,-0.0053110747,2.5497687,nan,0.14670843,0.015815895,0.010948152,0.04385447,0.029597433,inf,inf,inf,inf,1,1,1,1,3,2,2,1,4,1,0,0,1,0
135793600,135792861,0,nan,nan,-1.2415804,-1.8893926,-0.20640057,-1.1594316,-1.8934613,-1.1714145,-0.3006911,0.05927383,-0.13932166,-0.13897759,-0.007731634,0.0012054658,-0.0022163761,-0.77615684,0.87840766,-0.5827851,-0.07588382,2.5497687,nan,0.15814096,0.014363939,0.00998707,0.040969525,0.027559066,inf,inf,inf,inf,1,1,1,1,3,2,2,1,4,1,0,0,1,0
135892229,135891704,0,nan,nan,-1.2802722,-1.8736951,-0.22223085,-1.1594316,-1.8934613,-1.1714145,-0.4251579,0.24051715,-0.16764276,-0.16746977,-0.007731634,0.0012054658,-0.0022163761,-1.0251155,4.7974358,-0.28535816,-0.1503704,2.5497687,nan,0.17397124,0.01358113,0.009445806,0.040212788,0.026794564,inf,inf,inf,inf,1,1,1,1,3,2,2,1,4,1,0,0,1,0
135991110,135990548,0,nan,nan,-1.3334919,-1.8354421,-0.23835441,-1.1594316,-1.8934613,-1.1714145,-0.5728279,0.427497,-0.15360343,-0.15395212,-0.007731634,0.0012054658,-0.0022163761,-1.2750187,-0.2641142,0.015243049,-0.18089204,2.5497687,nan,0.1900948,0.013158904,0.009134712,0.04020959,0.026582424,inf,inf,inf,inf,1,1,1,1,3,2,2,1,4,1,0,0,1,0
136089915,136089390,0,nan,nan,-1.3979506,-1.7830849,-0.2523367,-1.1594316,-1.8934613,-1.1714145,-0.65264875,0.50223637,-0.12285637,-0.12393431,-0.007731634,0.0012054658,-0.0022163761,0.11957704,-0.07459444,-0.6898386,-0.17174266,2.5497687,nan,0.2040771,0.012946353,0.0089638885,0.04020503,0.026592832,inf,inf,inf,inf,1,1,1,1,3,2,2,1,4,1,0,0,1,0
136188819,136188233,0,nan,nan,-1.4638299,-1.7292354,-0.26506662,-1.1594316,-1.8934613,-1.1714145,-0.6258465,0.4698778,-0.118717425,-0.12058677,-0.007731634,0.0012054658,-0.0022163761,0.254402,-0.83883536,-0.29527822,-0.13772066,2.5497687,nan,0.21680701,0.012842698,0.008879188,0.039802648,0.02664049,inf,inf,inf,inf,1,1,1,1,3,2,2,1,4,1,0,0,1,0
136297349,136296961,0,nan,nan,-1.5271344,-1.6777458,-0.27786914,-1.1594316,-1.8934613,-1.1714145,-0.53433585,0.39015865,-0.08617531,-0.08888999,-0.007731634,0.0012054658,-0.0022163761,1.1655751,-1.726877,0.17839313,-0.082625486,2.5497687,nan,0.22960952,0.014638682,0.010068912,0.04218607,0.028537275,inf,inf,inf,inf,1,1,1,1,3,2,2,1,4,1,0,0,1,0
136396246,136395804,0,nan,nan,-1.5726691,-1.6417829,-0.28701535,-1.1594316,-1.8934613,-1.1714145,-0.42119727,0.29776108,-0.08600746,-0.08916959,-0.007731634,0.0012054658,-0.0022163761,0.8584578,-0.8361662,0.14517064,-0.03204089,2.5497687,nan,0.23875573,0.015860943,0.010922478,0.04333609,0.029517196,inf,inf,inf,inf,1,1,1,1,3,2,2,1,4,1,0,0,1,0
136495042,136494647,0,nan,nan,-1.6052955,-1.6183845,-0.29592907,-1.1594316,-1.8934613,-1.1714145,-0.32183945,0.1846184,-0.07333565,-0.076603934,-0.007731634,0.0012054658,-0.0022163761,1.3828217,-1.8319372,0.2886388,0.016295675,2.5497687,nan,0.24766946,0.016728641,0.01156033,0.044200514,0.03001882,inf,inf,inf,inf,1,1,1,1,3,2,2,1,4,1,0,0,1,0
136593935,136593490,0,nan,nan,-1.625515,-1.6100036,-0.30326232,-1.1594316,-1.8934613,-1.1714145,-0.20416926,0.057814904,-0.06957315,-0.072524615,-0.007731634,0.0012054658,-0.0022163761,1.2910763,-1.3538023,0.11461378,0.05837495,2.5497687,nan,0.2550027,0.017186241,0.011914981,0.04469734,0.03006513,inf,inf,inf,inf,1,1,1,1,3,2,2,1,4,1,0,0,1,0
136692723,136692333,0,nan,nan,-1.6315293,-1.61757,-0.31002086,-1.1594316,-1.8934613,-1.1714145,-0.0742566,-0.079844296,-0.06514944,-0.06739286,-0.007731634,0.0012054658,-0.0022163761,0.9385478,-1.7781187,-0.03789623,0.08857265,2.5497687,nan,0.26176125,0.017456476,0.0121126,0.045399163,0.030023456,inf,inf,inf,inf,1,1,1,1,3,2,2,1,4,1,0,0,1,0
136791595,136791176,0,nan,nan,-1.6249355,-1.6394587,-0.31550202,-1.1594316,-1.8934613,-1.1714145,0.037224792,-0.1816926,-0.06518277,-0.06647546,-0.007731634,0.0012054658,-0.0022163761,0.92327535,-1.3237988,-0.14993007,0.11202341,2.5497687,nan,0.2672424,0.017630013,0.012208137,0.04613061,0.02997134,inf,inf,inf,inf,1,1,1,1,3,2,2,1,4,1,0,0,1,0
136890570,136890021,0,nan,nan,-1.6076478,-1.6724329,-0.3211865,-1.1594316,-1.8934613,-1.1714145,0.1353227,-0.26423982,-0.0750167,-0.075231396,-0.007731634,0.0012054658,-0.0022163761,0.5880743,-0.058797587,-0.31129497,0.12692185,2.5497687,nan,0.2729269,0.015040335,0.010443113,0.04286609,0.027541744,inf,inf,inf,inf,1,1,1,1,3,2,2,1,4,1,0,0,1,0
136989421,136988864,0,nan,nan,-1.5830864,-1.7134944,-0.3280905,-1.1594316,-1.8934613,-1.1714145,0.19664478,-0.33134595,-0.07502418,-0.07409379,-0.007731634,0.0012054658,-0.0022163761,0.22624627,0.22612934,0.47926155,0.13688593,2.5497687,nan,0.27983087,0.013874008,0.009602886,0.04209009,0.026910018,inf,inf,inf,inf,1,1,1,1,3,2,2,1,4,1,0,0,1,0
137088122,137087705,0,nan,nan,-1.5560014,-1.7579324,-0.33435118,-1.1594316,-1.8934613,-1.1714145,0.23889416,-0.34018648,-0.086889364,-0.085142374,-0.007731634,0.0012054658,-0.0022163761,0.3508801,0.6020016,-0.032325204,0.14342329,2.5497687,nan,0.28609157,0.015097629,0.010324852,0.044504926,0.02841973,inf,inf,inf,inf,1,1,1,1,3,2,2,1,4,1,0,0,1,0
137196822,137196433,0,nan,nan,-1.5246103,-1.8043958,-0.34326985,-1.1594316,-1.8934613,-1.1714145,0.2644613,-0.3349311,-0.09094134,-0.08869586,-0.007731634,0.0012054658,-0.0022163761,-0.3622463,0.14008927,0.20820811,0.14921197,2.5497687,nan,0.29501024,0.014199998,0.009726414,0.042511243,0.027578874,inf,inf,inf,inf,1,1,1,1,3,2,2,1,4,1,0,0,1,0
137295686,137295276,0,nan,nan,-1.4975405,-1.8418083,-0.35162953,-1.1594316,-1.8934613,-1.1714145,0.2871491,-0.31157458,-0.105742164,-0.103264526,-0.007731634,0.0012054658,-0.0022163761,0.3167538,0.97039497,-0.47154883,0.15021916,2.5497687,nan,0.3033699,0.01360683,0.009331445,0.04142419,0.027260503,inf,inf,inf,inf,1,1,1,1,3,2,2,1,4,1,0,0,1,0
137394675,137394119,0,nan,nan,-1.4711088,-1.8732227,-0.36276823,-1.1594316,-1.8934613,-1.1714145,0.2922539,-0.27442464,-0.12578009,-0.123189226,-0.007731634,0.0012054658,-0.0022163761,-0.12197164,0.49059767,0.15391175,0.15033229,2.5497687,nan,0.31450862,0.013222339,0.00908719,0.040668808,0.027059471,inf,inf,inf,inf,1,1,1,1,3,2,2,1,4,1,0,0,1,0
137493819,137492962,0,nan,nan,-1.4473503,-1.8987421,-0.3732283,-1.1594316,-1.8934613,-1.1714145,0.28123125,-0.2374705,-0.10925008,-0.106634684,-0.007731634,0.0012054658,-0.0022163761,0.1745475,0.7662968,-0.39007863,0.14552018,2.5497687,nan,0.3249687,0.013007261,0.0089604035,0.04015926,0.026978638,inf,inf,inf,inf,1,1,1,1,3,2,2,1,4,1,0,0,1,0
137592360,137591805,0,nan,nan,-1.4252075,-1.917921,-0.38479084,-1.1594316,-1.8934613,-1.1714145,0.27754256,-0.1884366,-0.13600416,-0.13329582,-0.007731634,0.0012054658,-0.0022163761,-0.1052282,0.4607066,-0.07974507,0.14096795,2.5497687,nan,0.33653122,0.012884829,0.008899685,0.03984377,0.026928782,inf,inf,inf,inf,1,1,1,1,3,2,2,1,4,1,0,0,1,0
137691193,137690649,0,nan,nan,-1.4049323,-1.9317169,-0.39671102,-1.1594316,-1.8934613,-1.1714145,0.25497708,-0.15295798,-0.11032326,-0.10756791,-0.007731634,0.0012054658,-0.0022163761,-0.13953248,-0.006496212,0.12150689,0.13288532,2.5497687,nan,0.3484514,0.012817084,0.008873562,0.039629813,0.026877249,inf,inf,inf,inf,1,1,1,1,3,2,2,1,4,1,0,0,1,0
137789914,137789492,0,nan,nan,-1.3857368,-1.9405098,-0.40815905,-1.1594316,-1.8934613,-1.1714145,0.25549495,-0.098131716,-0.13412526,-0.13126895,-0.007731634,0.0012054658,-0.0022163761,0.47538427,0.57149416,-0.45942435,0.12657015,2.5497687,nan,0.35989943,0.0143202385,0.009887399,0.04197492,0.028435852,inf,inf,inf,inf,1,1,1,1,3,2,2,1,4,1,0,0,1,0
137888864,137888335,0,nan,nan,-1.365678,-1.9449781,-0.42199352,-1.1594316,-1.8934613,-1.1714145,0.25131443,-0.074710764,-0.14179496,-0.1389178,-0.007731634,0.0012054658,-0.0022163761,0.019802114,0.19081277,0.44077623,0.1204834,2.5497687,nan,0.3737339,0.013643339,0.009464938,0.040249195,0.027356127,inf,inf,inf,inf,1,1,1,1,3,2,2,1,4,1,0,0,1,0
137987738,137987178,0,nan,nan,-1.3462933,-1.9463772,-0.43392518,-1.1594316,-1.8934613,-1.1714145,0.24001992,-0.05191393,-0.12286769,-0.12003557,-0.007731634,0.0012054658,-0.0022163761,0.031463366,0.42471114,-0.5841246,0.113267764,2.5497687,nan,0.38566557,0.014957753,0.010353742,0.042178597,0.028643096,inf,inf,inf,inf,1,1,1,1,3,2,2,1,4,1,0,0,1,0
138096327,138095905,0,nan,nan,-1.3244449,-1.9449251,-0.44792768,-1.1594316,-1.8934613,-1.1714145,0.23713478,-0.015761599,-0.14012456,-0.13719279,-0.007731634,0.0012054658,-0.0022163761,0.080173925,0.19388537,-0.37711322,0.10815549,2.5497687,nan,0.39966807,0.016235596,0.011227788,0.04357551,0.029556338,inf,inf,inf,inf,1,1,1,1,3,2,2,1,4,1,0,0,1,0
138195615,138194748,0,nan,nan,-1.3044173,-1.9420061,-0.46102616,-1.1594316,-1.8934613,-1.1714145,0.23123507,0.002535815,-0.13656476,-0.1334724,-0.007731634,0.0012054658,-0.0022163761,0.26821068,0.4175083,0.013627657,0.1044337,2.5497687,nan,0.41276655,0.014561505,0.010129284,0.040437356,0.02757532,inf,inf,inf,inf,1,1,1,1,3,2,2,1,4,1,0,0,1,0
138293994,138293591,0,nan,nan,-1.2842033,-1.9384285,-0.47415558,-1.1594316,-1.8934613,-1.1714145,0.2208296,0.0034168079,-0.13182592,-0.12835129,-0.007731634,0.0012054658,-0.0022163761,0.06546423,-0.025444416,0.34016648,0.09924031,2.5497687,nan,0.42589596,0.013690331,0.00954277,0.039425127,0.026938042,inf,inf,inf,inf,1,1,1,1,3,2,2,1,4,1,0,0,1,0
138392896,138392435,0,nan,nan,-1.2643757,-1.9349407,-0.4853841,-1.1594316,-1.8934613,-1.1714145,0.21379012,0.007794207,-0.12669702,-0.12288861,-0.007731634,0.0012054658,-0.0022163761,-0.4464191,-0.08491395,-0.23889515,0.09372996,2.5497687,nan,0.4371245,0.014868308,0.010335576,0.04154433,0.02835578,inf,inf,inf,inf,1,1,1,1,3,2,2,1,4,1,0,0,1,0
138491685,138491278,0,nan,nan,-1.2441312,-1.9309918,-0.49807283,-1.1594316,-1.8934613,-1.1714145,0.21316957,0.01668337,-0.14063142,-0.13654374,-0.007731634,0.0012054658,-0.0022163761,0.082820736,-0.45827472,0.107162684,0.09059869,2.5497687,nan,0.44981322,0.015847053,0.011000066,0.042933248,0.029245412,inf,inf,inf,inf,1,1,1,1,3,2,2,1,4,1,0,0,1,0
138590538,138590121,0,nan,nan,-1.2244626,-1.9273711,-0.5111236,-1.1594316,-1.8934613,-1.1714145,0.1968056,0.020082202,-0.1357127,-0.131439,-0.007731634,0.0012054658,-0.0022163761,0.12225046,0.09163121,-0.06341771,0.08767297,2.5497687,nan,0.46286398,0.016572498,0.011497286,0.043660652,0.029726742,inf,inf,inf,inf,1,1,1,1,3,2,2,1,4,1,0,0,1,0
138689473,138688964,0,nan,nan,-1.2051706,-1.9245701,-0.52401,-1.1594316,-1.8934613,-1.1714145,0.1879831,0.017057814,-0.13627248,-0.1319108,-0.007731634,0.0012054658,-0.0022163761,-0.9413686,0.519887,0.20234354,0.08418226,2.5497687,nan,0.4757504,0.016845156,0.011696548,0.04349566,0.029640706,inf,inf,inf,inf,1,1,1,1,3,2,2,1,4,1,0,0,1,0
138788200,138787807,0,nan,nan,-1.1869481,-1.9222915,-0.53558695,-1.1594316,-1.8934613,-1.1714145,0.17678584,0.010351404,-0.119711414,-0.11529393,-0.007731634,0.0012054658,-0.0022163761,0.19966349,-0.58959115,-0.37358695,0.081606485,2.5497687,nan,0.48732734,0.016973065,0.011795452,0.043307554,0.02953982,inf,inf,inf,inf,1,1,1,1,3,2,2,1,4,1,0,0,1,0
138887110,138886650,0,nan,nan,-1.1691271,-1.9202424,-0.54783493,-1.1594316,-1.8934613,-1.1714145,0.16990034,0.016084692,-0.13857813,-0.13414313,-0.007731634,0.0012054658,-0.0022163761,-0.05582144,-0.7489026,-0.15966618,0.0805536,2.5497687,nan,0.49957532,0.017015718,0.011834084,0.04320649,0.029469224,inf,inf,inf,inf,1,1,1,1,3,2,2,1,4,1,0,0,1,0
138995816,138995377,0,nan,nan,-1.1503843,-1.9186227,-0.56226546,-1.1594316,-1.8934613,-1.1714145,0.14450952,0.01619994,-0.11959092,-0.1152625,-0.007731634,0.0012054658,-0.0022163761,-0.4464204,0.13881817,0.27554452,0.07773612,2.5497687,nan,0.51400584,0.017339736,0.012057234,0.043656703,0.02973618,inf,inf,inf,inf,1,1,1,1,3,2,2,1,4,1,0,0,1,0
139094796,139094221,0,nan,nan,-1.135169,-1.9175656,-0.5735666,-1.1594316,-1.8934613,-1.1714145,0.14244598,0.012474159,-0.13109334,-0.12679903,-0.007731634,0.0012054658,-0.0022163761,-0.19987491,0.16541196,-0.2925339,0.07633991,2.5497687,nan,0.525307,0.014706606,0.010276869,0.04001068,0.0273992,inf,inf,inf,inf,1,1,1,1,3,2,2,1,4,1,0,0,1,0
139193461,139193064,0,nan,nan,-1.1209562,-1.9159065,-0.5865323,-1.1594316,-1.8934613,-1.1714145,0.12745611,0.012700275,-0.14017954,-0.13574189,-0.007731634,0.0012054658,-0.0022163761,0.22220267,-0.34810913,0.22828701,0.076601826,2.5497687,nan,0.5382727,0.0155051155,0.01080591,0.04203654,0.028674854,inf,inf,inf,inf,1,1,1,1,3,2,2,1,4,1,0,0,0,0
139292385,139291907,0,nan,nan,-1.109064,-1.9148294,-0.598567,-1.1594316,-1.8934613,-1.1714145,0.10321085,0.004750419,-0.120002225,-0.11559457,-0.007731634,0.0012054658,-0.0022163761,-0.27492112,-0.471405,-0.19611573,0.07514954,2.5497687,nan,0.5503074,0.016027514,0.0111546405,0.04289785,0.029240616,inf,inf,inf,inf,1,1,1,1,3,2,2,1,4,1,0,0,0,0
139391152,139390750,0,nan,nan,-1.0985146,-1.9139547,-0.61019665,-1.1594316,-1.8934613,-1.1714145,0.091521785,0.013078626,-0.11892798,-0.114656195,-0.007731634,0.0012054658,-0.0022163761,-0.5088957,0.16804606,-0.02179803,0.073875554,2.5497687,nan,0.56193703,0.016415626,0.011417374,0.043355245,0.029540028,inf,inf,inf,inf,1,1,1,1,3,2,2,1,4,1,0,0,0,0
139490041,139489593,0,nan,nan,-1.0892102,-1.9126558,-0.6220003,-1.1594316,-1.8934613,-1.1714145,0.085555136,0.017620316,-0.12856902,-0.1245207,-0.007731634,0.0012054658,-0.0022163761,0.116429776,0.5230427,-0.33164465,0.07460024,2.5497687,nan,0.57374066,0.016680107,0.011598759,0.04354958,0.029668476,inf,inf,inf,inf,1,1,1,1,3,2,2,1,4,1,0,0,0,0
139588844,139588436,0,nan,nan,-1.0803875,-1.9113686,-0.63513297,-1.1594316,-1.8934613,-1.1714145,0.072796874,0.0066066454,-0.13088283,-0.12717125,-0.007731634,0.0012054658,-0.0022163761,-0.19070344,-0.2908067,0.6192655,0.07465506,2.5497687,nan,0.58687335,0.01684606,0.0117139155,0.043622807,0.029702628,inf,inf,inf,inf,1,1,1,1,3,2,2,1,4,1,0,0,0,0
139687738,139687279,0,nan,nan,-1.0731503,-1.9102867,-0.6466195,-1.1594316,-1.8934613,-1.1714145,0.06275606,0.0051628067,-0.10698348,-0.10367242,-0.007731634,0.0012054658,-0.0022163761,-0.113559365,0.24888505,-0.056897324,0.072569564,2.5497687,nan,0.5983599,0.01694102,0.011780754,0.04358402,0.02969624,inf,inf,inf,inf,1,1,1,1,3,2,2,1,4,1,0,0,0,0
139796400,139796007,0,nan,nan,-1.0658548,-1.9085795,-0.6588867,-1.1594316,-1.8934613,-1.1714145,0.05484439,0.016076084,-0.10919926,-0.10631911,-0.007731634,0.0012054658,-0.0022163761,-0.45290685,-0.3643906,0.27538183,0.07233823,2.5497687,nan,0.61062706,0.017309908,0.012032869,0.044007927,0.029972406,inf,inf,inf,inf,1,1,1,1,3,2,2,1,4,1,0,0,0,0
139895262,139894850,0,nan,nan,-1.0597018,-1.9066072,-0.66979426,-1.1594316,-1.8934613,-1.1714145,0.052106995,0.018208617,-0.11738674,-0.11483601,-0.007731634,0.0012054658,-0.0022163761,0.40868443,0.25093803,-0.22211115,0.07271104,2.5497687,nan,0.62153465,0.015436967,0.010757493,0.042026184,0.028695853,inf,inf,inf,inf,1,1,1,1,3,2,2,1,4,1,0,0,0,0
139994085,139993693,0,nan,nan,-1.0537337,-1.9042647,-0.6818651,-1.1594316,-1.8934613,-1.1714145,0.043842178,0.011628544,-0.1227286,-0.120360985,-0.007731634,0.0012054658,-0.0022163761,-0.29628676,-0.6701607,0.07111336,0.07399392,2.5497687,nan,0.6336055,0.014427499,0.0100602815,0.041286148,0.028191956,inf,inf,inf,inf,1,1,1,1,3,2,2,1,4,1,0,0,0,0
140092937,140092536,0,nan,nan,-1.0489911,-1.9026855,-0.6932804,-1.1594316,-1.8934613,-1.1714145,0.036502775,0.011164106,-0.11200197,-0.10974249,-0.007731634,0.0012054658,-0.0022163761,-0.20389856,0.49565536,-0.0055498253,0.073503636,2.5497687,nan,0.6450208,0.013940383,0.009717107,0.041117016,0.028089968,inf,inf,inf,inf,1,1,1,1,3,2,2,1,4,1,0,0,0,0
140191794,140191379,0,nan,nan,-1.0450902,-1.901754,-0.70440966,-1.1594316,-1.8934613,-1.1714145,0.0284194,-0.0006823319,-0.11426967,-0.112044185,-0.007731634,0.0012054658,-0.0022163761,0.15008557,-0.194434,-0.0123785185,0.07224956,2.5497687,nan,0.65615004,0.013721421,0.00955979,0.041107412,0.028088821,inf,inf,inf,inf,1,1,1,1,3,2,2,1,4,1,0,0,0,0
140290621,140290222,0,nan,nan,-1.0426402,-1.9011558,-0.71357864,-1.1594316,-1.8934613,-1.1714145,0.010563473,0.0023623763,-0.077938244,-0.07573954,-0.007731634,0.0012054658,-0.0022163761,-0.24862403,-0.0789681,0.24464466,0.07001499,2.5497687,nan,0.665319,0.014885056,0.010347316,0.04255064,0.029051876,inf,inf,inf,inf,1,1,1,1,3,2,2,1,4,1,0,0,0,0
140389477,140389065,0,nan,nan,-1.0403782,-1.9006816,-0.7218833,-1.1594316,-1.8934613,-1.1714145,0.02264002,0.006545372,-0.095528334,-0.09329799,-0.007731634,0.0012054658,-0.0022163761,-0.34669313,0.23898318,-0.3580066,0.06834379,2.5497687,nan,0.6736237,0.01576735,0.010953321,0.043218996,0.029509645,inf,inf,inf,inf,1,1,1,1,3,2,2,1,4,1,0,0,0,0
140498189,140497793,0,nan,nan,-1.0378836,-1.8991115,-0.7314788,-1.1594316,-1.8934613,-1.1714145,0.019576035,0.005326922,-0.09198757,-0.089651324,-0.007731634,0.0012054658,-0.0022163761,-0.07054175,-0.6012994,-0.18408825,0.067702286,2.5497687,nan,0.6832192,0.015022224,0.010455838,0.041911352,0.028654946,inf,inf,inf,inf,1,1,1,1,3,2,2,1,4,1,0,0,0,0
140587146,140586751,0,nan,nan,-1.0360919,-1.8979897,-0.7398551,-1.1594316,-1.8934613,-1.1714145,0.012721466,0.013795884,-0.10174317,-0.09936255,-0.007731634,0.0012054658,-0.0022163761,-0.371657,-0.12584154,-0.06824581,0.067527995,2.5497687,nan,0.6915955,0.015569299,0.010830901,0.042464335,0.02900601,inf,inf,inf,inf,1,1,1,1,3,2,2,1,4,1,0,0,0,0
140696004,140695479,0,nan,nan,-1.0348021,-1.8965437,-0.7504042,-1.1594316,-1.8934613,-1.1714145,-0.00095885276,0.006174132,-0.09708935,-0.094626956,-0.007731634,0.0012054658,-0.0022163761,-0.62291783,0.5236539,0.1500734,0.06785502,2.5497687,nan,0.70214456,0.014188657,0.00990556,0.039883498,0.027321,inf,inf,inf,inf,1,1,1,1,3,2,2,1,4,1,0,0,0,0
140794766,140794322,0,nan,nan,-1.0347806,-1.8957587,-0.75996214,-1.1594316,-1.8934613,-1.1714145,-0.00097008154,0.006907781,-0.10366702,-0.10100689,-0.007731634,0.0012054658,-0.0022163761,-0.19023353,0.030415935,-0.07647131,0.06869479,2.5497687,nan,0.7117025,0.015232291,0.010607405,0.041836705,0.028581267,inf,inf,inf,inf,1,1,1,1,3,2,2,1,4,1,0,0,0,0
140893556,140893165,0,nan,nan,-1.0357263,-1.8958224,-0.7693462,-1.1594316,-1.8934613,-1.1714145,-0.016632898,-0.0058026444,-0.09439,-0.09164916,-0.007731634,0.0012054658,-0.0022163761,0.36358023,0.021148171,0.21353222,0.068408765,2.5497687,nan,0.72108656,0.015905552,0.011065365,0.0426352,0.02909735,inf,inf,inf,inf,1,1,1,1,3,2,2,1,4,1,0,0,0,0
140992431,140992008,0,nan,nan,-1.0373061,-1.8960354,-0.77821475,-1.1594316,-1.8934613,-1.1714145,-0.01558319,0.0027832831,-0.093349025,-0.09059678,-0.007731634,0.0012054658,-0.0022163761,-0.49225265,0.16358438,-0.09663777,0.06840728,2.5497687,nan,0.72995514,0.016369637,0.011384659,0.043007854,0.029345075,inf,inf,inf,inf,1,1,1,1,3,2,2,1,4,1,0,0,0,0
141091327,141090851,0,nan,nan,-1.0385609,-1.8963425,-0.78721887,-1.1594316,-1.8934613,-1.1714145,-0.009025873,-0.004390113,-0.093351595,-0.09066274,-0.007731634,0.0012054658,-0.0022163761,-0.17221358,-0.009753298,-0.10725432,0.067894295,2.5497687,nan,0.73895925,0.01666184,0.0115884105,0.04316406,0.029440664,inf,inf,inf,inf,1,1,1,1,3,2,2,1,4,1,0,0,0,0
141190120,141189694,0,nan,nan,-1.0395489,-1.8960344,-0.79605126,-1.1594316,-1.8934613,-1.1714145,-0.0068040825,0.007475826,-0.089955084,-0.087398246,-0.007731634,0.0012054658,-0.0022163761,0.14632633,-0.19911173,-0.07239776,0.06822139,2.5497687,nan,0.74779165,0.016830027,0.011707552,0.04320639,0.02946774,inf,inf,inf,inf,1,1,1,1,3,2,2,1,4,1,0,0,0,0
141288973,141288537,0,nan,nan,-1.0403367,-1.895923,-0.8042526,-1.1594316,-1.8934613,-1.1714145,-0.011540861,-0.005600906,-0.07796389,-0.07553807,-0.007731634,0.0012054658,-0.0022163761,-0.27939785,-0.25986198,-0.06088569,0.067230806,2.5497687,nan,0.755993,0.016917437,0.011770784,0.04321545,0.029475832,inf,inf,inf,inf,1,1,1,1,3,2,2,1,4,1,0,0,0,0
141397688,141397265,0,nan,nan,-1.0414013,-1.8959618,-0.8127549,-1.1594316,-1.8934613,-1.1714145,-0.012227629,0.005132362,-0.072088964,-0.069755904,-0.007731634,0.0012054658,-0.0022163761,-0.6444196,-0.15210538,0.5166059,0.06575494,2.5497687,nan,0.7644953,0.017277326,0.012016544,0.043696273,0.029782545,inf,inf,inf,inf,1,1,1,1,3,2,2,1,4,1,0,0,0,0
141486620,141486224,0,nan,nan,-1.0425676,-1.8960978,-0.81778324,-1.1594316,-1.8934613,-1.1714145,-0.01089171,-0.0066302936,-0.053812966,-0.05149079,-0.007731634,0.0012054658,-0.0022163761,0.41170868,0.029000465,-0.44507337,0.06341656,2.5497687,nan,0.7695236,0.016971417,0.011812133,0.043245997,0.029512852,inf,inf,inf,inf,1,1,1,1,3,2,2,1,4,1,0,0,0,0
141595373,141594951,0,nan,nan,-1.0432885,-1.8961984,-0.82311887,-1.1594316,-1.8934613,-1.1714145,-0.009963156,0.008108218,-0.040080026,-0.037702072,-0.007731634,0.0012054658,-0.0022163761,-0.0574472,0.13422558,0.19674882,0.06028917,2.5497687,nan,0.77485925,0.017292846,0.012030688,0.043766305,0.029841354,inf,inf,inf,inf,1,1,1,1,3,2,2,1,4,1,0,0,0,0
141694211,141693794,0,nan,nan,-1.0434868,-1.8946891,-0.8263976,-1.1594316,-1.8934613,-1.1714145,0.00032016236,0.015771762,-0.04440817,-0.041821733,-0.007731634,0.0012054658,-0.0022163761,-0.35168383,0.0564541,-0.20409076,0.059717342,2.5497687,nan,0.778138,0.015329395,0.010691805,0.041707203,0.02852186,inf,inf,inf,inf,1,1,1,1,3,2,2,1,4,1,0,0,0,0
141793067,141792637,0,nan,nan,-1.043124,-1.8935636,-0.8309103,-1.1594316,-1.8934613,-1.1714145,0.0033555399,0.011934416,-0.05570029,-0.052887946,-0.007731634,0.0012054658,-0.0022163761,0.29582632,0.33168516,-0.28842086,0.059430838,2.5497687,nan,0.7826507,0.014352262,0.010013998,0.04115772,0.02813149,inf,inf,inf,inf,1,1,1,1,3,2,2,1,4,1,0,0,0,0
141891877,141891480,0,nan,nan,-1.0429201,-1.8923291,-0.8364387,-1.1594316,-1.8934613,-1.1714145,-0.0043653534,0.016667448,-0.055048395,-0.05217937,-0.007731634,0.0012054658,-0.0022163761,0.08275443,-0.13649581,0.48828483,0.05907844,2.5497687,nan,0.7881791,0.013891392,0.009686822,0.04112279,0.02808765,inf,inf,inf,inf,1,1,1,1,3,2,2,1,4,1,0,0,0,0
141990768,141990324,0,nan,nan,-1.0435967,-1.8915507,-0.8404774,-1.1594316,-1.8934613,-1.1714145,-0.011190753,0.0032607387,-0.035380047,-0.03259156,-0.007731634,0.0012054658,-0.0022163761,-0.31041792,-0.06494021,0.22891253,0.057725247,2.5497687,nan,0.7922178,0.01496703,0.010411114,0.042597394,0.029066565,inf,inf,inf,inf,1,1,1,1,3,2,2,1,4,1,0,0,0,0
142089556,142089166,0,nan,nan,-1.0439477,-1.8914862,-0.8447463,-1.1594316,-1.8934613,-1.1714145,-0.0011270844,0.009884115,-0.045617342,-0.04298942,-0.007731634,0.0012054658,-0.0022163761,-0.14150979,0.3432469,0.12489941,0.055838067,2.5497687,nan,0.7964867,0.0157989,0.010978286,0.04334573,0.029551791,inf,inf,inf,inf,1,1,1,1,3,2,2,1,4,1,0,0,0,0
142188440,142188010,0,nan,nan,-1.0444169,-1.89022,-0.84838045,-1.1594316,-1.8934613,-1.1714145,-0.0021407744,0.017718796,-0.04130122,-0.03889052,-0.007731634,0.0012054658,-0.0022163761,0.40366,-0.4804151,-0.44106773,0.05607567,2.5497687,nan,0.80012083,0.016368074,0.011371665,0.043568507,0.029708302,inf,inf,inf,inf,1,1,1,1,3,2,2,1,4,1,0,0,0,0
142297147,142296737,0,nan,nan,-1.044353,-1.889054,-0.8537484,-1.1594316,-1.8934613,-1.1714145,-0.0044523696,0.0142565025,-0.051038396,-0.048932474,-0.007731634,0.0012054658,-0.0022163761,0.23696211,0.5348021,0.12353503,0.05707187,2.5497687,nan,0.80548877,0.017044602,0.011838394,0.044026114,0.029985202,inf,inf,inf,inf,1,1,1,1,3,2,2,1,4,1,0,0,0,0
142386127,142385696,0,nan,nan,-1.0446507,-1.8880897,-0.8589665,-1.1594316,-1.8934613,-1.1714145,-0.0023926673,0.017609186,-0.056717426,-0.054947242,-0.007731634,0.0012054658,-0.0022163761,0.2362563,0.013270898,0.039213963,0.057820536,2.5497687,nan,0.8107069,0.01501035,0.010463236,0.04127054,0.02819256,inf,inf,inf,inf,1,1,1,1,3,2,2,1,4,1,0,0,0,0
142494828,142494423,0,nan,nan,-1.0460178,-1.8877491,-0.8635059,-1.1594316,-1.8934613,-1.1714145,-0.008065731,0.0016145897,-0.0311336,-0.029807413,-0.007731634,0.0012054658,-0.0022163761,0.50692415,-0.32063833,-0.34466657,0.05652487,2.5497687,nan,0.8152463,0.014443831,0.010068594,0.040998504,0.028030924,inf,inf,inf,inf,1,1,1,1,3,2,2,1,4,1,0,0,0,0
142593695,142593266,0,nan,nan,-1.0469735,-1.8885883,-0.86755437,-1.1594316,-1.8934613,-1.1714145,-0.010791804,0.002402622,-0.039560366,-0.03847655,-0.007731634,0.0012054658,-0.0022163761,0.2707532,0.21708956,-0.11359681,0.055038944,2.5497687,nan,0.81929475,0.013953886,0.009727935,0.040763725,0.02787046,inf,inf,inf,inf,1,1,1,1,3,2,2,1,4,1,0,0,0,0
142692507,142692109,0,nan,nan,-1.0478106,-1.8882197,-0.87182623,-1.1594316,-1.8934613,-1.1714145,-0.004669656,0.011858264,-0.046177585,-0.0453096,-0.007731634,0.0012054658,-0.0022163761,-0.7183079,-0.57964724,0.09087203,0.056373958,2.5497687,nan,0.8235666,0.013719278,0.009561022,0.040745594,0.027862873,inf,inf,inf,inf,1,1,1,1,3,2,2,1,4,1,0,0,0,0
142791347,142790953,0,nan,nan,-1.0485244,-1.8882008,-0.8764369,-1.1594316,-1.8934613,-1.1714145,-0.0022369155,-0.0034165846,-0.04318777,-0.042527866,-0.007731634,0.0012054658,-0.0022163761,0.8650638,-0.54188794,-0.10801937,0.056909963,2.5497687,nan,0.8281773,0.0136212325,0.009488963,0.040771477,0.027878666,inf,inf,inf,inf,1,1,1,1,3,2,2,1,4,1,0,0,0,0
142890224,142889795,0,nan,nan,-1.0491431,-1.8892262,-0.8811764,-1.1594316,-1.8934613,-1.1714145,-0.009891595,-0.0016104891,-0.044968806,-0.04449948,-0.007731634,0.0012054658,-0.0022163761,0.073600605,0.49097565,0.19256102,0.055727724,2.5497687,nan,0.8329168,0.014819912,0.01030234,0.042271417,0.028854128,inf,inf,inf,inf,1,1,1,1,3,2,2,1,4,1,0,0,0,0
142989041,142988639,0,nan,nan,-1.0500475,-1.8890013,-0.8856371,-1.1594316,-1.8934613,-1.1714145,-0.0048693223,0.013396965,-0.046388872,-0.04610093,-0.007731634,0.0012054658,-0.0022163761,-0.23197702,0.1289266,-0.07053811,0.057235762,2.5497687,nan,0.8373775,0.01572439,0.010922428,0.04298409,0.029328749,inf,inf,inf,inf,1,1,1,1,3,2,2,1,4,1,0,0,0,0
143087928,143087482,0,nan,nan,-1.0508928,-1.8881582,-0.88984704,-1.1594316,-1.8934613,-1.1714145,-0.007125609,0.008088655,-0.022460416,-0.02234523,-0.007731634,0.0012054658,-0.0022163761,0.65148884,0.08065818,0.3738848,0.058067583,2.5497687,nan,0.8415874,0.016326865,0.01134184,0.043224506,0.029481336,inf,inf,inf,inf,1,1,1,1,3,2,2,1,4,1,0,0,0,0
143196601,143196209,0,nan,nan,-1.0515255,-1.8886256,-0.8921246,-1.1594316,-1.8934613,-1.1714145,0.002170204,-0.006444458,-0.029553896,-0.029491557,-0.007731634,0.0012054658,-0.0022163761,0.47713834,0.018884392,-0.18103196,0.058160607,2.5497687,nan,0.843865,0.017011534,0.011817823,0.043608647,0.029768247,inf,inf,inf,inf,1,1,1,1,3,2,2,1,4,1,0,0,0,0
143295513,143295052,0,nan,nan,-1.0513654,-1.8901201,-0.8955319,-1.1594316,-1.8934613,-1.1714145,-0.000479562,-0.013179901,-0.037308075,-0.0371888,-0.007731634,0.0012054658,-0.0022163761,-0.3857977,0.019768376,0.11374088,0.058615025,2.5497687,nan,0.8472723,0.017086234,0.011881159,0.043327443,0.029558858,inf,inf,inf,inf,1,1,1,1,3,2,2,1,4,1,0,0,0,0
143394290,143393895,0,nan,nan,-1.0515296,-1.8911551,-0.89953077,-1.1594316,-1.8934613,-1.1714145,-0.003751682,6.451428e-05,-0.039908975,-0.039740227,-0.007731634,0.0012054658,-0.0022163761,-0.34445348,0.20055941,0.08585472,0.059410762,2.5497687,nan,0.85127115,0.017086908,0.011888633,0.04315846,0.029431893,inf,inf,inf,inf,1,1,1,1,3,2,2,1,4,1,0,0,0,0
143493269,143492738,0,nan,nan,-1.05246,-1.8909472,-0.9037015,-1.1594316,-1.8934613,-1.1714145,-0.005478544,0.00627135,-0.045031708,-0.04486093,-0.007731634,0.0012054658,-0.0022163761,0.82746494,-0.327304,0.06334317,0.061075356,2.5497687,nan,0.85544187,0.015171651,0.010583539,0.04110457,0.028087426,inf,inf,inf,inf,1,1,1,1,3,2,2,1,4,1,0,0,0,0
143591981,143591581,0,nan,nan,-1.0537325,-1.8906888,-0.9070309,-1.1594316,-1.8934613,-1.1714145,-0.013373661,0.0038919619,-0.028513748,-0.028365258,-0.007731634,0.0012054658,-0.0022163761,-0.32087186,-0.09251205,-0.15757212,0.06128788,2.5497687,nan,0.85877126,0.014257995,0.009948154,0.040661316,0.027796553,inf,inf,inf,inf,1,1,1,1,3,2,2,1,4,1,0,0,0,0
143690858,143690425,0,nan,nan,-1.0546141,-1.8909063,-0.91064376,-1.1594316,-1.8934613,-1.1714145,-0.0032844143,-0.0024157262,-0.035137773,-0.034971077,-0.007731634,0.0012054658,-0.0022163761,-0.3423663,-0.27712768,0.585281,0.061250754,2.5497687,nan,0.86238414,0.013822785,0.009639562,0.04072047,0.027829215,inf,inf,inf,inf,1,1,1,1,3,2,2,1,4,1,0,0,0,0
143789685,143789268,0,nan,nan,-1.0555705,-1.8914919,-0.9130674,-1.1594316,-1.8934613,-1.1714145,-0.00464118,-0.0019708637,-0.023090621,-0.022902377,-0.007731634,0.0012054658,-0.0022163761,0.6047381,-0.27518088,-0.5121946,0.061861143,2.5497687,nan,0.8648078,0.013639691,0.009505189,0.040834337,0.02791951,inf,inf,inf,inf,1,1,1,1,3,2,2,1,4,1,0,0,0,0
143888625,143888111,0,nan,nan,-1.0558354,-1.8921189,-0.91598684,-1.1594316,-1.8934613,-1.1714145,-0.0025302623,-0.0052673873,-0.029011732,-0.028749462,-0.007731634,0.0012054658,-0.0022163761,-0.29554316,-0.09587178,0.44484246,0.061888237,2.5497687,nan,0.8677272,0.013581253,0.009460211,0.040911518,0.027971057,inf,inf,inf,inf,1,1,1,1,3,2,2,1,4,1,0,0,0,0
143997225,143996838,0,nan,nan,-1.05632,-1.8933673,-0.91754645,-1.1594316,-1.8934613,-1.1714145,-0.007903916,-0.008091463,-0.0059282505,-0.00558819,-0.007731634,0.0012054658,-0.0022163761,-0.89418423,-0.085054465,0.14510281,0.061749093,2.5497687,nan,0.86928684,0.015122836,0.010504918,0.04283737,0.029242119,inf,inf,inf,inf,1,1,1,1,3,2,2,1,4,1,0,0,0,0
144096101,144095681,0,nan,nan,-1.0564587,-1.89485,-0.9191917,-1.1594316,-1.8934613,-1.1714145,0.0060125045,-0.016721256,-0.022549031,-0.022031622,-0.007731634,0.0012054658,-0.0022163761,0.064840645,-0.31878713,-0.058430556,0.06235413,2.5497687,nan,0.8709321,0.014569007,0.010136839,0.04173026,0.028528376,inf,inf,inf,inf,1,1,1,1,3,2,2,1,4,1,0,0,0,0
144195002,144194524,0,nan,nan,-1.0570347,-1.8975269,-0.9193768,-1.1594316,-1.8934613,-1.1714145,-0.00676656,-0.026243212,0.009464368,0.010108232,-0.007731634,0.0012054658,-0.0022163761,0.5050045,0.03008205,-0.3474843,0.061439075,2.5497687,nan,0.8711172,0.014239757,0.009914288,0.04119539,0.0281938,inf,inf,inf,inf,1,1,1,1,3,2,2,1,4,1,0,0,0,0
144293762,144293367,0,nan,nan,-1.0571686,-1.9009242,-0.9192259,-1.1594316,-1.8934613,-1.1714145,0.0043055955,-0.028912548,-0.014093053,-0.013252186,-0.007731634,0.0012054658,-0.0022163761,-0.54405594,0.3313264,-0.098970786,0.062067952,2.5497687,nan,0.87096626,0.013925276,0.009703321,0.04066528,0.027860101,inf,inf,inf,inf,1,1,1,1,3,2,2,1,4,1,0,0,0,0
144392646,144392211,0,nan,nan,-1.0573105,-1.9050993,-0.91979426,-1.1594316,-1.8934613,-1.1714145,0.0010521954,-0.03718271,0.0011339149,0.0020995513,-0.007731634,0.0012054658,-0.0022163761,0.30181423,0.41640383,0.19794357,0.061507523,2.5497687,nan,0.87153465,0.0137424655,0.009577887,0.04047673,0.027715035,inf,inf,inf,inf,1,1,1,1,3,2,2,1,4,1,0,0,0,0
144491447,144491054,0,nan,nan,-1.0575888,-1.9091102,-0.92010146,-1.1594316,-1.8934613,-1.1714145,1.6999547e-07,-0.03440557,-0.014920617,-0.013884701,-0.007731634,0.0012054658,-0.0022163761,0.21890941,0.108999655,0.0135681955,0.062144097,2.5497687,nan,0.87184185,0.013640609,0.00950747,0.040372964,0.027657963,inf,inf,inf,inf,1,1,1,1,3,2,2,1,4,1,0,0,0,0
144590326,144589897,0,nan,nan,-1.0578256,-1.9132314,-0.92128944,-1.1594316,-1.8934613,-1.1714145,-0.004654723,-0.03881522,-0.006887983,-0.005894112,-0.007731634,0.0012054658,-0.0022163761,-0.6571159,0.15332039,0.2001349,0.06144183,2.5497687,nan,0.8730298,0.013589756,0.009470865,0.04036591,0.02763586,inf,inf,inf,inf,1,1,1,1,3,2,2,1,4,1,0,0,0,0
144689367,144688740,0,nan,nan,-1.0584248,-1.9169005,-0.92295724,-1.1594316,-1.8934613,-1.1714145,0.0046629766,-0.031482946,-0.030816445,-0.029936468,-0.007731634,0.0012054658,-0.0022163761,0.56565124,0.13718112,-0.3711047,0.061321013,2.5497687,nan,0.8746976,0.013566171,0.009453625,0.040345218,0.02762352,inf,inf,inf,inf,1,1,1,1,3,2,2,1,4,1,0,0,0,0
144787978,144787583,0,nan,nan,-1.059271,-1.9195377,-0.92587554,-1.1594316,-1.8934613,-1.1714145,-0.013240422,-0.019120174,-0.025329828,-0.02468492,-0.007731634,0.0012054658,-0.0022163761,-0.18144651,0.24313992,-0.29102904,0.060121167,2.5497687,nan,0.8776159,0.013558216,0.009446435,0.040354267,0.027611101,inf,inf,inf,inf,1,1,1,1,3,2,2,1,4,1,0,0,0,0
144896705,144896313,0,nan,nan,-1.0607036,-1.9203241,-0.92988163,-1.1594316,-1.8934613,-1.1714145,-0.015485469,-0.0039531724,-0.03442671,-0.034103442,-0.007731634,0.0012054658,-0.0022163761,-0.5485008,0.31780037,0.37990773,0.05910936,2.5497687,nan,0.881622,0.013855969,0.00964686,0.040806204,0.027900804,inf,inf,inf,inf,1,1,1,1,3,2,2,1,4,1,0,0,0,0
144995581,144995153,0,nan,nan,-1.0623611,-1.9193443,-0.93321127,-1.1594316,-1.8934613,-1.1714145,-0.0076634283,0.009656312,-0.037079997,-0.037031215,-0.007731634,0.0012054658,-0.0022163761,-0.062434312,-0.07935555,-0.01372707,0.0586387,2.5497687,nan,0.88495165,0.01379948,0.009608531,0.04063465,0.027804334,inf,inf,inf,inf,1,1,1,1,3,2,2,1,4,1,0,0,0,0
145094392,145093997,0,nan,nan,-1.0637761,-1.9175696,-0.93709916,-1.1594316,-1.8934613,-1.1714145,-0.013059055,0.017080955,-0.032694988,-0.032860413,-0.007731634,0.0012054658,-0.0022163761,0.60358816,-0.05129137,-0.12227842,0.057460565,2.5497687,nan,0.88883954,0.013753009,0.009577427,0.040532425,0.027728504,inf,inf,inf,inf,1,1,1,1,3,2,2,1,4,1,0,0,0,0
145193258,145192840,0,nan,nan,-1.0648795,-1.9152172,-0.9411088,-1.1594316,-1.8934613,-1.1714145,-0.008620656,0.023573011,-0.04459617,-0.044868648,-0.007731634,0.0012054658,-0.0022163761,-0.35823104,0.117750965,-0.026046459,0.0561946,2.5497687,nan,0.8928492,0.013666956,0.009520005,0.04033813,0.027610116,inf,inf,inf,inf,1,1,1,1,3,2,2,1,4,1,0,0,0,0
145292094,145291683,0,nan,nan,-1.0657598,-1.911773,-0.9456072,-1.1594316,-1.8934613,-1.1714145,-0.0050473306,0.03452255,-0.038896628,-0.039223623,-0.007731634,0.0012054658,-0.0022163761,0.4544074,-0.07759626,0.39798158,0.056092046,2.5497687,nan,0.89734757,0.0148512665,0.010326563,0.041811153,0.028563455,inf,inf,inf,inf,1,1,1,1,3,2,2,1,4,1,0,0,0,0
145390951,145390526,0,nan,nan,-1.0667506,-1.9074918,-0.94927853,-1.1594316,-1.8934613,-1.1714145,-0.012770833,0.042431977,-0.033678006,-0.033981115,-0.007731634,0.0012054658,-0.0022163761,-0.029232375,-0.14785343,-0.012516464,0.056564532,2.5497687,nan,0.9010189,0.01426027,0.009931781,0.04071355,0.02786523,inf,inf,inf,inf,1,1,1,1,3,2,2,1,4,1,0,0,0,0
145489820,145489369,0,nan,nan,-1.0678817,-1.903522,-0.9511951,-1.1594316,-1.8934613,-1.1714145,-0.011428162,0.035277568,-0.012516032,-0.012711908,-0.007731634,0.0012054658,-0.0022163761,-0.31817397,-0.15397382,-0.053247415,0.056490023,2.5497687,nan,0.9029355,0.015254504,0.010610849,0.041895878,0.028657535,inf,inf,inf,inf,1,1,1,1,3,2,2,1,4,1,0,0,0,0
145588635,145588212,0,nan,nan,-1.0683541,-1.900902,-0.95192015,-1.1594316,-1.8934613,-1.1714145,-0.0015715708,0.01847113,0.0015301275,0.0015537965,-0.007731634,0.0012054658,-0.0022163761,-0.08472963,0.014287094,0.08729976,0.056143373,2.5497687,nan,0.90366054,0.015966186,0.011103114,0.042501632,0.029059758,inf,inf,inf,inf,1,1,1,1,3,2,2,1,4,1,0,0,0,0
145687452,145687055,0,nan,nan,-1.0679893,-1.9006157,-0.9514918,-1.1594316,-1.8934613,-1.1714145,0.0029634843,-0.004049338,0.003703771,0.004191815,-0.007731634,0.0012054658,-0.0022163761,0.41638523,-0.2989559,-0.0855501,0.055180028,2.5497687,nan,0.90323216,0.014748445,0.010282918,0.040790614,0.02795334,inf,inf,inf,inf,1,1,1,1,3,2,2,1,4,1,0,0,0,0
145796220,145795782,0,nan,nan,-1.0670089,-1.9025632,-0.9505483,-1.1594316,-1.8934613,-1.1714145,0.006690881,-0.017619312,-0.004323646,-0.0032833035,-0.007731634,0.0012054658,-0.0022163761,0.13095656,-0.120669216,-0.05142472,0.05386513,2.5497687,nan,0.9022887,0.014394569,0.010037956,0.040758412,0.027927475,inf,inf,inf,inf,1,1,1,1,3,2,2,1,4,1,0,0,0,0
145895041,145894626,0,nan,nan,-1.0662463,-1.9051052,-0.9501257,-1.1594316,-1.8934613,-1.1714145,0.00538174,-0.015359553,-0.0059918533,-0.0045853825,-0.007731634,0.0012054658,-0.0022163761,-0.31119117,-0.10591221,-0.17837106,0.05336751,2.5497687,nan,0.9018661,0.0140608335,0.009804094,0.040733933,0.027895467,inf,inf,inf,inf,1,1,1,1,3,2,2,1,4,1,0,0,0,0
145993900,145993469,0,nan,nan,-1.0658184,-1.9073962,-0.9509573,-1.1594316,-1.8934613,-1.1714145,0.005009415,-0.011085905,-0.016721612,-0.015138564,-0.007731634,0.0012054658,-0.0022163761,0.50660527,0.018465383,-0.45045593,0.05287836,2.5497687,nan,0.9026977,0.01509794,0.0105083035,0.04213362,0.028783528,inf,inf,inf,inf,1,1,1,1,3,2,2,1,4,1,0,0,0,0
146092712,146092312,0,nan,nan,-1.0661905,-1.9087924,-0.95278746,-1.1594316,-1.8934613,-1.1714145,-0.0061898176,-0.00052461843,-0.026381426,-0.024834717,-0.007731634,0.0012054658,-0.0022163761,0.29720563,0.18473147,0.004757666,0.052528474,2.5497687,nan,0.90452784,0.014361151,0.010007879,0.04103502,0.02805922,inf,inf,inf,inf,1,1,1,1,3,2,2,1,4,1,0,0,0,0
146191607,146191155,0,nan,nan,-1.0669361,-1.9085131,-0.95596945,-1.1594316,-1.8934613,-1.1714145,-0.008175,0.01270443,-0.030560127,-0.029239755,-0.007731634,0.0012054658,-0.0022163761,-0.6939836,-0.18331854,0.37600976,0.052532222,2.5497687,nan,0.90770984,0.01395255,0.009725151,0.040650483,0.02779149,inf,inf,inf,inf,1,1,1,1,3,2,2,1,4,1,0,0,0,0
146290394,146289998,0,nan,nan,-1.0683355,-1.9070497,-0.9591534,-1.1594316,-1.8934613,-1.1714145,-0.004576368,0.023239467,-0.033467144,-0.032473866,-0.007731634,0.0012054658,-0.0022163761,0.52806306,0.17918417,-0.13204084,0.05234908,2.5497687,nan,0.9108938,0.01373552,0.009572106,0.040526416,0.02771552,inf,inf,inf,inf,1,1,1,1,3,2,2,1,4,1,0,0,0,0
146389288,146388841,0,nan,nan,-1.0699905,-1.9048489,-0.96119875,-1.1594316,-1.8934613,-1.1714145,-0.017247617,0.022856595,-0.004360368,-0.0036769297,-0.007731634,0.0012054658,-0.0022163761,-0.05278677,-0.2545528,0.13024086,0.05246744,2.5497687,nan,0.91293913,0.013629489,0.00949591,0.04049508,0.027705748,inf,inf,inf,inf,1,1,1,1,3,2,2,1,4,1,0,0,0,0
146488080,146487684,0,nan,nan,-1.0708982,-1.9032058,-0.9620113,-1.1594316,-1.8934613,-1.1714145,-0.00137295,0.0094419755,-0.001314129,-0.0008121572,-0.007731634,0.0012054658,-0.0022163761,-0.624724,0.12147178,0.630418,0.052445833,2.5497687,nan,0.91375166,0.014813644,0.010301585,0.041971717,0.028690606,inf,inf,inf,inf,1,1,1,1,3,2,2,1,4,1,0,0,0,0
146586957,146586527,0,nan,nan,-1.0711656,-1.9033293,-0.9618987,-1.1594316,-1.8934613,-1.1714145,0.0076913526,-0.0061196797,-0.0075948928,-0.007044961,-0.007731634,0.0012054658,-0.0022163761,0.7832327,-0.06986011,-0.32715347,0.052448276,2.5497687,nan,0.91363907,0.01424392,0.009921089,0.04090476,0.02801667,inf,inf,inf,inf,1,1,1,1,3,2,2,1,4,1,0,0,0,0
146695648,146695255,0,nan,nan,-1.0709802,-1.9046172,-0.96250314,-1.1594316,-1.8934613,-1.1714145,0.0017753398,-0.012083261,-0.008858227,-0.008210682,-0.007731634,0.0012054658,-0.0022163761,0.7266048,-0.30163723,-0.20026068,0.052932158,2.5497687,nan,0.9142435,0.015572697,0.010826308,0.042591304,0.029095849,inf,inf,inf,inf,1,1,1,1,3,2,2,1,4,1,0,0,0,0
146794514,146794098,0,nan,nan,-1.07088,-1.905321,-0.96416384,-1.1594316,-1.8934613,-1.1714145,-0.0041394043,0.0055952407,-0.019245284,-0.01852755,-0.007731634,0.0012054658,-0.0022163761,-0.8023041,0.06502052,0.649402,0.05348913,2.5497687,nan,0.9159042,0.014603965,0.010175198,0.041036196,0.028072514,inf,inf,inf,inf,1,1,1,1,3,2,2,1,4,1,0,0,0,0
146893330,146892941,0,nan,nan,-1.0716376,-1.9048901,-0.964515,-1.1594316,-1.8934613,-1.1714145,0.00020205835,0.005232997,0.0019076982,0.002645355,-0.007731634,0.0012054658,-0.0022163761,0.47553948,-0.2910817,-0.4591186,0.054211095,2.5497687,nan,0.91625535,0.015476964,0.010769491,0.042113807,0.028786078,inf,inf,inf,inf,1,1,1,1,3,2,2,1,4,1,0,0,0,0
146992176,146991784,0,nan,nan,-1.0718815,-1.9052993,-0.9651484,-1.1594316,-1.8934613,-1.1714145,0.0017234236,-0.007101855,-0.0130287,-0.012230136,-0.007731634,0.0012054658,-0.0022163761,0.53235495,0.0044917203,-0.18903959,0.054272667,2.5497687,nan,0.9168888,0.014517401,0.010119945,0.040841598,0.027948715,inf,inf,inf,inf,1,1,1,1,3,2,2,1,4,1,0,0,0,0
147091219,147090627,0,nan,nan,-1.0720198,-1.9064827,-0.9663758,-1.1594316,-1.8934613,-1.1714145,-0.001012767,-0.0071073603,-0.014270283,-0.013476197,-0.007731634,0.0012054658,-0.0022163761,-0.74406093,-0.033773527,0.24626458,0.054256316,2.5497687,nan,0.9181162,0.014002324,0.009764281,0.040462658,0.027691085,inf,inf,inf,inf,1,1,1,1,3,2,2,1,4,1,0,0,0,0
147189862,147189470,0,nan,nan,-1.0723088,-1.9065328,-0.9681343,-1.1594316,-1.8934613,-1.1714145,0.003111662,0.010448374,-0.019838873,-0.019115271,-0.007731634,0.0012054658,-0.0022163761,0.34417573,0.07751803,0.04607281,0.05519674,2.5497687,nan,0.91987467,0.01503105,0.010461179,0.041935626,0.028643223,inf,inf,inf,inf,1,1,1,1,3,2,2,1,4,1,0,0,0,0
147288736,147288313,0,nan,nan,-1.0731167,-1.9055371,-0.96844953,-1.1594316,-1.8934613,-1.1714145,-0.00559497,0.0068911007,0.0008520202,0.0014401247,-0.007731634,0.0012054658,-0.0022163761,0.4182365,-0.3547954,-0.22526959,0.056648284,2.5497687,nan,0.9201899,0.01431435,0.009974253,0.040917415,0.02799994,inf,inf,inf,inf,1,1,1,1,3,2,2,1,4,1,0,0,0,0
147387549,147387156,0,nan,nan,-1.0732858,-1.9057019,-0.96934605,-1.1594316,-1.8934613,-1.1714145,0.0005739198,-0.002143295,-0.01411446,-0.013588689,-0.007731634,0.0012054658,-0.0022163761,-0.7945886,0.38045046,0.22678407,0.05669536,2.5497687,nan,0.92108643,0.013919393,0.00970278,0.0405824,0.027776169,inf,inf,inf,inf,1,1,1,1,3,2,2,1,4,1,0,0,0,0
147496332,147495885,0,nan,nan,-1.0735207,-1.9057294,-0.97098774,-1.1594316,-1.8934613,-1.1714145,0.003117163,0.010606304,-0.018189197,-0.017768975,-0.007731634,0.0012054658,-0.0022163761,-0.59154063,0.29612708,-0.015707023,0.05723306,2.5497687,nan,0.9227281,0.014011375,0.009759681,0.040975645,0.02802522,inf,inf,inf,inf,1,1,1,1,3,2,2,1,4,1,0,0,0,0
147595137,147594727,0,nan,nan,-1.074113,-1.9048176,-0.97161216,-1.1594316,-1.8934613,-1.1714145,-0.0002850204,0.009725645,0.0026317877,0.0029517342,-0.007731634,0.0012054658,-0.0022163761,0.98472214,-0.014701867,-0.3006183,0.058573164,2.5497687,nan,0.92335254,0.015099206,0.010499391,0.042272482,0.028873574,inf,inf,inf,inf,1,1,1,1,3,2,2,1,4,1,0,0,0,0
147694041,147693570,0,nan,nan,-1.0741615,-1.9046003,-0.9717182,-1.1594316,-1.8934613,-1.1714145,-0.002608599,-0.0057869856,0.0044829743,0.0047797346,-0.007731634,0.0012054658,-0.0022163761,-0.8878245,-0.40290818,0.5282516,0.059167203,2.5497687,nan,0.9234586,0.01438069,0.010017282,0.041035745,0.028081916,inf,inf,inf,inf,1,1,1,1,3,2,2,1,4,1,0,0,0,0
147792891,147792413,0,nan,nan,-1.0741228,-1.9060652,-0.9716558,-1.1594316,-1.8934613,-1.1714145,0.010311855,-0.0143898055,-0.011152906,-0.010830227,-0.007731634,0.0012054658,-0.0022163761,-0.31012318,0.23382755,-0.37369096,0.059961442,2.5497687,nan,0.92339617,0.0139695015,0.009737104,0.040545736,0.027770324,inf,inf,inf,inf,1,1,1,1,3,2,2,1,4,1,0,0,0,0
147891681,147891256,0,nan,nan,-1.0737995,-1.9068588,-0.97326773,-1.1594316,-1.8934613,-1.1714145,0.00012574518,-0.0014029691,-0.011236979,-0.010949178,-0.007731634,0.0012054658,-0.0022163761,0.14574908,-0.12604092,0.038111906,0.061543506,2.5497687,nan,0.9250081,0.013744211,0.009580577,0.040442653,0.027672745,inf,inf,inf,inf,1,1,1,1,3,2,2,1,4,1,0,0,0,0
147990520,147990099,0,nan,nan,-1.0740219,-1.9067798,-0.9735396,-1.1594316,-1.8934613,-1.1714145,0.0014689874,0.003203156,-0.005393093,-0.00520396,-0.007731634,0.0012054658,-0.0022163761,-0.15725039,0.058352858,0.20002107,0.06251196,2.5497687,nan,0.92528,0.013630144,0.009499541,0.040381346,0.027657231,inf,inf,inf,inf,1,1,1,1,3,2,2,1,4,1,0,0,0,0
148089371,148088942,0,nan,nan,-1.0739387,-1.907629,-0.97406095,-1.1594316,-1.8934613,-1.1714145,0.0058758412,-0.012158883,-0.0005865659,-0.00046127776,-0.007731634,0.0012054658,-0.0022163761,0.4455108,0.16674191,-0.22640179,0.06273484,2.5497687,nan,0.92580134,0.013578303,0.009462331,0.040400058,0.027661944,inf,inf,inf,inf,1,1,1,1,3,2,2,1,4,1,0,0,0,0
148198063,148197669,0,nan,nan,-1.073932,-1.9095747,-0.9754048,-1.1594316,-1.8934613,-1.1714145,0.0048500886,-0.0124415355,-0.021759288,-0.021692071,-0.007731634,0.0012054658,-0.0022163761,0.53199303,0.34495515,-0.46369585,0.06216622,2.5497687,nan,0.9271452,0.015101154,0.010497363,0.04238956,0.028948778,inf,inf,inf,inf,1,1,1,1,3,2,2,1,4,1,0,0,0,0
148287061,148286629,0,nan,nan,-1.0744059,-1.9102339,-0.97663057,-1.1594316,-1.8934613,-1.1714145,-0.0062403893,0.00083474733,-0.0055845142,-0.005592827,-0.007731634,0.0012054658,-0.0022163761,-0.67589724,0.0557936,0.24197781,0.062241532,2.5497687,nan,0.92837095,0.015687102,0.010902547,0.042697083,0.029147051,inf,inf,inf,inf,1,1,1,1,3,2,2,1,4,1,0,0,0,0
148395766,148395356,0,nan,nan,-1.0751634,-1.9103668,-0.976944,-1.1594316,-1.8934613,-1.1714145,-0.002769636,-0.005619759,0.008008381,0.007912733,-0.007731634,0.0012054658,-0.0022163761,-0.49035203,-0.15200664,-0.046284154,0.062072095,2.5497687,nan,0.9286844,0.01651726,0.011477609,0.04317696,0.029475048,inf,inf,inf,inf,1,1,1,1,3,2,2,1,4,1,0,0,0,0
148494592,148494199,0,nan,nan,-1.0752374,-1.9115031,-0.97715634,-1.1594316,-1.8934613,-1.1714145,0.009251161,-0.014139009,-0.01388446,-0.013951102,-0.007731634,0.0012054658,-0.0022163761,0.6453471,0.46200934,-0.5709238,0.0615631,2.5497687,nan,0.9288967,0.01507271,0.01050453,0.04114689,0.028156398,inf,inf,inf,inf,1,1,1,1,3,2,2,1,4,1,0,0,0,0
148593461,148593042,0,nan,nan,-1.0748466,-1.9127474,-0.9784325,-1.1594316,-1.8934613,-1.1714145,0.00079658785,-0.0055134976,-0.011195149,-0.011256788,-0.007731634,0.0012054658,-0.0022163761,-0.17743179,0.19943388,0.14338383,0.06135024,2.5497687,nan,0.93017286,0.0157611,0.010972443,0.04214773,0.028783431,inf,inf,inf,inf,1,1,1,1,3,2,2,1,4,1,0,0,0,0
148692277,148691885,0,nan,nan,-1.0748554,-1.9127359,-0.9792599,-1.1594316,-1.8934613,-1.1714145,0.00076877815,0.0005458544,0.0069881654,0.006863011,-0.007731634,0.0012054658,-0.0022163761,0.024980294,0.10485419,0.2681663,0.061381623,2.5497687,nan,0.9310003,0.014619223,0.010193824,0.04084248,0.027931893,inf,inf,inf,inf,1,1,1,1,3,2,2,1,4,1,0,0,0,0
148791125,148790728,0,nan,nan,-1.0750432,-1.9128448,-0.97883,-1.1594316,-1.8934613,-1.1714145,0.0031232028,-0.009516323,-0.00026658125,-0.00036923648,-0.007731634,0.0012054658,-0.0022163761,0.49442253,-0.16986597,-0.19745052,0.061307397,2.5497687,nan,0.93057036,0.014029015,0.009784987,0.040485695,0.027715147,inf,inf,inf,inf,1,1,1,1,3,2,2,1,4,1,0,0,0,0
148889983,148889571,0,nan,nan,-1.0749336,-1.9139761,-0.9790415,-1.1594316,-1.8934613,-1.1714145,-0.0010548431,-0.012776379,-0.0062499545,-0.006282952,-0.007731634,0.0012054658,-0.0022163761,-0.85348696,0.20427568,0.07372151,0.060479626,2.5497687,nan,0.9307819,0.013737351,0.009578818,0.040507633,0.0277195,inf,inf,inf,inf,1,1,1,1,3,2,2,1,4,1,0,0,0,0
148988807,148988414,0,nan,nan,-1.0749158,-1.9143857,-0.98014796,-1.1594316,-1.8934613,-1.1714145,0.0016033965,0.003376825,-0.006205964,-0.0062191533,-0.007731634,0.0012054658,-0.0022163761,0.0030831404,-0.051884823,0.41400442,0.060392186,2.5497687,nan,0.93188834,0.013610908,0.009486233,0.04060782,0.027771853,inf,inf,inf,inf,1,1,1,1,3,2,2,1,4,1,0,0,0,0
149097561,149097141,0,nan,nan,-1.073381,-1.913611,-0.98272777,-1.1594316,-1.8934613,-1.1714145,0.045055896,0.005742095,-0.06967455,-0.06967889,-0.007731634,0.0012054658,-0.0022163761,0.49032974,0.22135966,-0.8172704,0.054887652,2.5497687,nan,0.93446815,0.015033563,0.010451777,0.04240148,0.02894717,inf,inf,inf,inf,1,1,1,1,3,2,2,1,4,1,0,0,0,0
149186491,149186100,0,nan,nan,-1.072399,-1.9137994,-0.9895377,-1.1594316,-1.8934613,-1.1714145,-0.038788524,-0.014847946,-0.064661145,-0.06478094,-0.007731634,0.0012054658,-0.0022163761,-1.9660094,-0.11864248,0.51799893,0.045502912,2.5497687,nan,0.9412781,0.014193962,0.0098826885,0.04115456,0.028057853,inf,inf,inf,inf,1,1,1,1,3,2,2,1,4,1,0,0,0,0
149295240,149294827,0,nan,nan,-1.0895431,-1.9164841,-0.9920926,-1.1594316,-1.8934613,-1.1714145,-0.25512552,-0.039240524,0.02749857,0.02755528,-0.007731634,0.0012054658,-0.0022163761,-2.2395575,-0.5675652,1.2078629,0.033901002,2.5497687,nan,0.943833,0.014192609,0.009875919,0.041212007,0.028105035,inf,inf,inf,inf,1,1,1,1,3,2,2,1,4,1,0,0,0,0
149394073,149393671,0,nan,nan,-1.1278982,-1.922065,-0.98597544,-1.1594316,-1.8934613,-1.1714145,-0.44472587,-0.07108013,0.05879512,0.059808332,-0.007731634,0.0012054658,-0.0022163761,-0.89944583,-0.44150564,0.03742748,0.025848841,2.5497687,nan,0.9377158,0.013898301,0.009676366,0.04085112,0.027830165,inf,inf,inf,inf,1,1,1,1,3,2,2,1,4,1,0,0,0,0
149493107,149492513,0,nan,nan,-1.1844808,-1.9303179,-0.97899204,-1.1594316,-1.8934613,-1.1714145,-0.59530383,-0.08512909,0.05045251,0.052750267,-0.007731634,0.0012054658,-0.0022163761,-0.9133217,0.41322738,-0.09657898,0.01936534,2.5497687,nan,0.9307324,0.013737418,0.009560744,0.040987078,0.027726125,inf,inf,inf,inf,1,1,1,1,3,2,2,1,4,1,0,0,0,0
149591750,149591357,0,nan,nan,-1.2521901,-1.9383557,-0.9745887,-1.1594316,-1.8934613,-1.1714145,-0.65959984,-0.078881785,0.016184755,0.019238535,-0.007731634,0.0012054658,-0.0022163761,-0.7937512,-0.112866856,-0.13986483,0.014994834,2.5497687,nan,0.9263291,0.013668504,0.009498424,0.041150045,0.027687997,inf,inf,inf,inf,1,1,1,1,3,2,2,1,4,1,0,0,0,0
149690640,149690200,0,nan,nan,-1.3237517,-1.9453644,-0.9725223,-1.1594316,-1.8934613,-1.1714145,-0.6743878,-0.08173405,0.010768348,0.013619563,-0.007731634,0.0012054658,-0.0022163761,0.84721595,-0.12654905,-0.18578166,0.010830505,2.5497687,nan,0.9242627,0.01364915,0.009467639,0.041117817,0.027663697,inf,inf,inf,inf,1,1,1,1,3,2,2,1,4,1,0,0,0,0
149789509,149789043,0,nan,nan,-1.3933942,-1.9525739,-0.9734928,-1.1594316,-1.8934613,-1.1714145,-0.66268647,-0.08893661,-0.013707522,-0.011837964,-0.007731634,0.0012054658,-0.0022163761,-0.066490926,-0.1521016,0.021764196,0.0066986033,2.5497687,nan,0.9252332,0.01364256,0.009453693,0.040934704,0.027640019,inf,inf,inf,inf,1,1,1,1,3,2,2,1,4,1,0,0,0,0
149888279,149887886,0,nan,nan,-1.459103,-1.9588344,-0.9764914,-1.1594316,-1.8934613,-1.1714145,-0.6256727,-0.07025839,-0.024798805,-0.02441818,-0.007731634,0.0012054658,-0.0022163761,0.09330462,0.3481605,0.022556443,0.0033694045,2.5497687,nan,0.9282318,0.013632997,0.009447675,0.04069449,0.027616944,inf,inf,inf,inf,1,1,1,1,3,2,2,1,4,1,0,0,0,0
149997034,149996613,0,nan,nan,-1.5257455,-1.9633747,-0.97974086,-1.1594316,-1.8934613,-1.1714145,-0.5804046,-0.058098383,-0.010089037,-0.011246407,-0.007731634,0.0012054658,-0.0022163761,0.9159756,-0.48162973,-0.19540997,0.0013559976,2.5497687,nan,0.93148124,0.015174092,0.010492505,0.04249655,0.028890133,inf,inf,inf,inf,1,1,1,1,3,2,2,1,4,1,0,0,0,0
150085970,150085572,0,nan,nan,-1.5739884,-1.9665911,-0.98206633,-1.1594316,-1.8934613,-1.1714145,-0.5433749,-0.06321308,-0.0060379608,-0.008435074,-0.007731634,0.0012054658,-0.0022163761,-0.07402853,-0.20892821,0.11165888,-0.0008763006,2.5497687,nan,0.9338067,0.014274851,0.0099113565,0.04083092,0.027903019,inf,inf,inf,inf,1,1,1,1,3,2,2,1,4,1,0,0,0,0
150194901,150194299,0,nan,nan,-1.6252073,-1.970503,-0.9851548,-1.1594316,-1.8934613,-1.1714145,-0.4834657,-0.046549153,-0.015367069,-0.018859033,-0.007731634,0.0012054658,-0.0022163761,-0.23657961,0.21434398,0.156936,-0.0028400738,2.5497687,nan,0.9368952,0.014093959,0.009805465,0.040539913,0.027739938,inf,inf,inf,inf,1,1,1,1,3,2,2,1,4,1,0,0,0,0
150293534,150293142,0,nan,nan,-1.6651883,-1.972626,-0.9867493,-1.1594316,-1.8934613,-1.1714145,-0.42653936,-0.043059465,-0.0063210474,-0.010383667,-0.007731634,0.0012054658,-0.0022163761,0.51771665,-0.07300755,-0.3054862,-0.0036155656,2.5497687,nan,0.9384897,0.013809303,0.0096195815,0.040287685,0.027576724,inf,inf,inf,inf,1,1,1,1,3,2,2,1,4,1,0,0,0,0
150392449,150391985,0,nan,nan,-1.6994187,-1.9747196,-0.9885786,-1.1594316,-1.8934613,-1.1714145,-0.3874599,-0.029159086,-0.0008261218,-0.0050075985,-0.007731634,0.0012054658,-0.0022163761,0.58661145,0.02149315,0.2689676,-0.004219788,2.5497687,nan,0.940319,0.013654284,0.009516083,0.040315352,0.02754949,inf,inf,inf,inf,1,1,1,1,3,2,2,1,4,1,0,0,0,0
150491222,150490828,0,nan,nan,-1.7296886,-1.9770296,-0.98900276,-1.1594316,-1.8934613,-1.1714145,-0.34228936,-0.034987547,-0.0058104177,-0.0097239865,-0.007731634,0.0012054658,-0.0022163761,-0.49572703,0.31957614,-0.044420388,-0.004528249,2.5497687,nan,0.94074315,0.01358154,0.009464261,0.04035438,0.027567904,inf,inf,inf,inf,1,1,1,1,3,2,2,1,4,1,0,0,0,0
150590122,150589671,0,nan,nan,-1.7569883,-1.9798323,-0.9892836,-1.1594316,-1.8934613,-1.1714145,-0.30469763,-0.027888862,0.006518242,0.003052813,-0.007731634,0.0012054658,-0.0022163761,0.7457057,-0.102343306,-0.14110984,-0.0034892187,2.5497687,nan,0.941024,0.014778372,0.010275696,0.04194897,0.028573839,inf,inf,inf,inf,1,1,1,1,3,2,2,1,4,1,0,0,0,0
150688992,150688515,0,nan,nan,-1.781582,-1.9835535,-0.98910666,-1.1594316,-1.8934613,-1.1714145,-0.2753164,-0.03158342,-0.0045545218,-0.0073083923,-0.007731634,0.0012054658,-0.0022163761,0.5862437,0.067103334,0.00886438,-0.00262992,2.5497687,nan,0.94084704,0.014228101,0.009904648,0.040955976,0.027927432,inf,inf,inf,inf,1,1,1,1,3,2,2,1,4,1,0,0,0,0
150787780,150787358,0,nan,nan,-1.8041221,-1.9875655,-0.98843515,-1.1594316,-1.8934613,-1.1714145,-0.24538498,-0.034009933,0.0017511249,-0.0002976045,-0.007731634,0.0012054658,-0.0022163761,-0.40429965,-0.13503842,-0.22844654,-0.001722807,2.5497687,nan,0.94017553,0.015246766,0.0105947675,0.042186327,0.028725525,inf,inf,inf,inf,1,1,1,1,3,2,2,1,4,1,0,0,0,0
150896475,150896085,0,nan,nan,-1.8263817,-1.992639,-0.9882931,-1.1594316,-1.8934613,-1.1714145,-0.21404615,-0.029703641,0.003437174,0.002064386,-0.007731634,0.0012054658,-0.0022163761,-0.20379126,0.22177319,0.6137469,-0.0015968253,2.5497687,nan,0.9400335,0.016114132,0.011190509,0.042823058,0.029128468,inf,inf,inf,inf,1,1,1,1,3,2,2,1,4,1,0,0,0,0
150995351,150994928,0,nan,nan,-1.8449068,-1.9980546,-0.9875257,-1.1594316,-1.8934613,-1.1714145,-0.18504898,-0.035170224,-0.0053975587,-0.0061971024,-0.007731634,0.0012054658,-0.0022163761,1.0134844,0.03375471,-0.58697927,-0.0018381536,2.5497687,nan,0.9392661,0.016531164,0.011480453,0.042997837,0.029257353,inf,inf,inf,inf,1,1,1,1,3,2,2,1,4,1,0,0,0,0
151094166,151093771,0,nan,nan,-1.8616469,-2.0032282,-0.9872473,-1.1594316,-1.8934613,-1.1714145,-0.17430885,-0.025018683,0.0042298855,0.0039107115,-0.007731634,0.0012054658,-0.0022163761,0.022582507,0.0059990217,-0.34507814,-0.0017663438,2.5497687,nan,0.9389877,0.016564364,0.011515239,0.042587746,0.0289859,inf,inf,inf,inf,1,1,1,1,3,2,2,1,4,1,0,0,0,0
151193010,151192614,0,nan,nan,-1.8767489,-2.0085196,-0.9868459,-1.1594316,-1.8934613,-1.1714145,-0.14614311,-0.032734852,-0.0030907835,-0.0030399298,-0.007731634,0.0012054658,-0.0022163761,-0.36850464,-0.17662625,0.21328272,-0.002505322,2.5497687,nan,0.9385863,0.016533969,0.011502834,0.042326234,0.028831616,inf,inf,inf,inf,1,1,1,1,3,2,2,1,4,1,0,0,0,0
151291900,151291457,0,nan,nan,-1.8906864,-2.0142736,-0.98668224,-1.1594316,-1.8934613,-1.1714145,-0.12613955,-0.024816308,-0.004562408,-0.0042245868,-0.007731634,0.0012054658,-0.0022163761,1.0359032,0.17210262,-0.12588228,-0.0034135631,2.5497687,nan,0.9384226,0.016680554,0.011602128,0.042701464,0.02907037,inf,inf,inf,inf,1,1,1,1,3,2,2,1,4,1,0,0,0,0
151390715,151390300,0,nan,nan,-1.9033864,-2.0193303,-0.9860192,-1.1594316,-1.8934613,-1.1714145,-0.12029044,-0.02824584,0.0057367324,0.0062824674,-0.007731634,0.0012054658,-0.0022163761,-0.2460325,0.02268161,-0.09389544,-0.004306344,2.5497687,nan,0.9377596,0.016580084,0.01153882,0.042498287,0.02894894,inf,inf,inf,inf,1,1,1,1,3,2,2,1,4,1,0,0,0,0
151489560,151489143,0,nan,nan,-1.9145746,-2.0245087,-0.9861938,-1.1594316,-1.8934613,-1.1714145,-0.09418892,-0.020515868,-0.004368328,-0.0036776443,-0.007731634,0.0012054658,-0.0022163761,-0.65280426,0.10750368,0.38972595,-0.0051011834,2.5497687,nan,0.93793416,0.016497822,0.011485598,0.042456616,0.028917396,inf,inf,inf,inf,1,1,1,1,3,2,2,1,4,1,0,0,0,0
151588377,151587986,0,nan,nan,-1.9247628,-2.0290842,-0.9856946,-1.1594316,-1.8934613,-1.1714145,-0.078841165,-0.022952154,-0.0038568338,-0.003098993,-0.007731634,0.0012054658,-0.0022163761,1.2889862,0.32439464,-0.57486343,-0.0059251403,2.5497687,nan,0.937435,0.01643929,0.011446349,0.042464416,0.028939161,inf,inf,inf,inf,1,1,1,1,3,2,2,1,4,1,0,0,0,0
151697300,151696714,0,nan,nan,-1.93468,-2.0340893,-0.98588634,-1.1594316,-1.8934613,-1.1714145,-0.0746364,-0.01539229,0.0071587265,0.007921697,-0.007731634,0.0012054658,-0.0022163761,0.51287407,-0.42735767,0.067888595,-0.0067048226,2.5497687,nan,0.9376267,0.01498827,0.010450212,0.04136194,0.028207295,inf,inf,inf,inf,1,1,1,1,3,2,2,1,4,1,0,0,0,0
151795955,151795557,0,nan,nan,-1.9425275,-2.0377626,-0.9860409,-1.1594316,-1.8934613,-1.1714145,-0.057279177,-0.0055115717,-0.008770926,-0.008052446,-0.007731634,0.0012054658,-0.0022163761,-0.73902094,0.28955287,0.23880193,-0.0071803173,2.5497687,nan,0.9377813,0.01572252,0.010937811,0.042803984,0.029150221,inf,inf,inf,inf,1,1,1,1,3,2,2,1,4,1,0,0,0,0
151894841,151894400,0,nan,nan,-1.9492977,-2.0405788,-0.9862991,-1.1594316,-1.8934613,-1.1714145,-0.04433656,-0.007858313,0.00010270889,0.0007473488,-0.007731634,0.0012054658,-0.0022163761,0.7061111,0.22353509,0.009065645,-0.0074928566,2.5497687,nan,0.9380395,0.014336712,0.0099958265,0.041015916,0.028001001,inf,inf,inf,inf,1,1,1,1,3,2,2,1,4,1,0,0,0,0
151993641,151993243,0,nan,nan,-1.9547855,-2.0423338,-0.9865345,-1.1594316,-1.8934613,-1.1714145,-0.032683454,0.00019673195,-0.01177729,-0.011208025,-0.007731634,0.0012054658,-0.0022163761,0.6126892,-0.38046542,-0.14935945,-0.0072927494,2.5497687,nan,0.93827486,0.015059596,0.01048297,0.042064402,0.028689347,inf,inf,inf,inf,1,1,1,1,3,2,2,1,4,1,0,0,0,0
152092510,152092086,0,nan,nan,-1.9581093,-2.0435202,-0.99053764,-1.1594316,-1.8934613,-1.1714145,-0.01435965,0.009943888,-0.06747691,-0.067056425,-0.007731634,0.0012054658,-0.0022163761,-0.62415916,0.21048309,-0.76494217,-0.0073496453,2.5497687,nan,0.942278,0.014034828,0.009785169,0.040767796,0.02782144,inf,inf,inf,inf,1,1,1,1,3,2,2,1,4,1,0,0,0,0
152191345,152190929,0,nan,nan,-1.9618845,-2.0446293,-1.00217,-1.1594316,-1.8934613,-1.1714145,-0.04100558,-0.00051610905,-0.16531704,-0.1652589,-0.007731634,0.0012054658,-0.0022163761,-0.024729328,0.44559357,-0.8460679,-0.0073388387,2.5497687,nan,0.95391035,0.01373577,0.009568066,0.04098381,0.027887216,inf,inf,inf,inf,1,1,1,1,3,2,2,1,4,1,0,0,0,0
152290201,152289772,0,nan,nan,-1.9728466,-2.0457978,-1.022101,-1.1594316,-1.8934613,-1.1714145,-0.1484549,0.0031396614,-0.22932531,-0.22994822,-0.007731634,0.0012054658,-0.0022163761,-1.3744849,0.14687793,-0.75205517,-0.0061566653,2.5497687,nan,0.9738414,0.013397021,0.009328719,0.040635705,0.02758097,inf,inf,inf,inf,1,1,1,1,3,2,2,1,4,1,0,0,0,0
152389035,152388615,0,nan,nan,-1.9963377,-2.0457728,-1.0498326,-1.1594316,-1.8934613,-1.1714145,-0.26755133,0.024393028,-0.29735884,-0.29914975,-0.007731634,0.0012054658,-0.0022163761,-1.42644,0.3973611,-0.47638446,-0.004913172,2.5497687,nan,1.001573,0.013447685,0.009346824,0.041114345,0.02779013,inf,inf,inf,inf,1,1,1,1,3,2,2,1,4,1,0,0,0,0
152487899,152487458,0,nan,nan,-2.0318363,-2.0413141,-1.0847372,-1.1594316,-1.8934613,-1.1714145,-0.35649157,0.07704209,-0.37823424,-0.38153052,-0.007731634,0.0012054658,-0.0022163761,0.15252438,1.043444,-0.9174741,-0.0031673005,2.5497687,nan,1.0364776,0.013527087,0.009386111,0.041404046,0.027872892,inf,inf,inf,inf,1,1,1,1,3,2,2,1,4,1,0,0,0,0
152596748,152596185,0,nan,nan,-2.0779443,-2.0267067,-1.1324381,-1.1594316,-1.8934613,-1.1714145,-0.38841435,0.18812335,-0.44846237,-0.45388108,-0.007731634,0.0012054658,-0.0022163761,0.7795755,1.128154,-0.92472345,-0.0024546797,2.5497687,nan,1.0841784,0.0136665255,0.009469629,0.041416027,0.027789772,inf,inf,inf,inf,1,1,1,1,3,2,2,1,4,1,0,0,0,0
152695447,152695028,0,nan,nan,-2.1172035,-2.0005188,-1.1828028,-1.1594316,-1.8934613,-1.1714145,-0.33103403,0.31765696,-0.49713716,-0.50459605,-0.007731634,0.0012054658,-0.0022163761,0.06850507,1.9653976,0.05160722,-0.0028511768,2.5497687,nan,1.1345432,0.014838195,0.010247123,0.042755827,0.02861146,inf,inf,inf,inf,1,1,1,1,3,2,2,1,4,1,0,0,0,0
152794284,152793872,0,nan,nan,-2.1457868,-1.9589692,-1.2362256,-1.1594316,-1.8934613,-1.1714145,-0.19377626,0.4648614,-0.52499264,-0.53420436,-0.007731634,0.0012054658,-0.0022163761,2.1937873,1.5334343,-0.2626675,-0.0025095504,2.5497687,nan,1.187966,0.015592617,0.010759224,0.043077033,0.028831331,inf,inf,inf,inf,1,1,1,1,3,2,2,1,4,1,0,0,0,0
152893163,152892714,0,nan,nan,-2.1552405,-1.9001983,-1.2905959,-1.1594316,-1.8934613,-1.1714145,-0.030163595,0.6300651,-0.51596826,-0.5265498,-0.007731634,0.0012054658,-0.0022163761,2.0222228,1.4933126,-0.13325824,-9.797001e-05,2.5497687,nan,1.2423363,0.014364197,0.009951676,0.041054994,0.027495986,inf,inf,inf,inf,1,1,1,1,3,2,2,1,4,1,0,0,0,0
152991953,152991557,0,nan,nan,-2.1434796,-1.8255562,-1.3441979,-1.1594316,-1.8934613,-1.1714145,0.16432986,0.76743704,-0.51671696,-0.52791333,-0.007731634,0.0012054658,-0.0022163761,1.0398387,0.910344,0.51168513,0.004636153,2.5497687,nan,1.2959383,0.015135897,0.01046571,0.042361375,0.028163772,inf,inf,inf,inf,1,1,1,1,3,2,2,1,4,1,0,0,0,0
153090904,153090400,0,nan,nan,-2.11434,-1.7392133,-1.3963834,-1.1594316,-1.8934613,-1.1714145,0.2938873,0.86489344,-0.52207565,-0.53294766,-0.007731634,0.0012054658,-0.0022163761,1.353745,0.9781239,-0.1659853,0.008210855,2.5497687,nan,1.3481238,0.01569463,0.010835793,0.043200824,0.028520979,inf,inf,inf,inf,1,1,1,1,3,2,2,1,4,1,0,0,0,0
153189637,153189243,0,nan,nan,-2.070853,-1.6429411,-1.4512776,-1.1594316,-1.8934613,-1.1714145,0.42755893,1.0009981,-0.5832843,-0.59302855,-0.007731634,0.0012054658,-0.0022163761,1.2526587,1.5499101,-0.72475475,0.007430786,2.5497687,nan,1.403018,0.016072674,0.011080297,0.043791067,0.028679954,inf,inf,inf,inf,1,1,1,1,3,2,2,1,4,1,0,0,0,0
153298441,153297971,0,nan,nan,-1.9998997,-1.5180379,-1.5191104,-1.1594316,-1.8934613,-1.1714145,0.66188806,1.2192155,-0.65984476,-0.6679181,-0.007731634,0.0012054658,-0.0022163761,1.5426443,1.8723775,-0.6705209,0.0027615663,2.5497687,nan,1.4708508,0.014850109,0.0102401,0.042987797,0.027776586,inf,inf,inf,inf,1,1,1,1,3,2,2,1,4,1,0,0,0,0
153387326,153386929,0,nan,nan,-1.9195204,-1.3970934,-1.5790887,-1.1594316,-1.8934613,-1.1714145,0.9085182,1.417837,-0.68708825,-0.69398385,-0.007731634,0.0012054658,-0.0022163761,2.9369237,2.2023323,0.08859629,-0.0017386557,2.5497687,nan,1.5308291,0.015296078,0.0104920305,0.04448947,0.028242778,inf,inf,inf,inf,1,1,1,1,3,2,2,1,4,1,0,0,0,0
153496076,153495657,0,nan,nan,-1.7903996,-1.2264665,-1.6520314,-1.1594316,-1.8934613,-1.1714145,1.2123239,1.6461335,-0.6535215,-0.6592206,-0.007731634,0.0012054658,-0.0022163761,2.8150494,2.1216133,0.4162809,-0.0053160056,2.5497687,nan,1.6037718,0.016238019,0.011040039,0.046621755,0.029000003,inf,inf,inf,inf,1,1,1,1,3,2,2,1,4,1,0,0,0,0
153594893,153594500,0,nan,nan,-1.6450777,-1.0530208,-1.713017,-1.1594316,-1.8934613,-1.1714145,1.4598708,1.8170351,-0.58345824,-0.58774686,-0.007731634,0.0012054658,-0.0022163761,1.6242113,2.1996777,0.67700976,-0.0067501944,2.5497687,nan,1.6647574,0.016579136,0.011218522,0.047155827,0.029077811,inf,inf,inf,inf,1,1,1,1,3,2,2,1,4,1,0,0,0,0
153693757,153693343,0,nan,nan,-1.4789288,-0.8673641,-1.7639993,-1.1594316,-1.8934613,-1.1714145,1.657194,1.9434443,-0.4848921,-0.4867309,-0.007731634,0.0012054658,-0.0022163761,2.2068937,1.141739,1.559663,-0.00978404,2.5497687,nan,1.7157397,0.016789284,0.0113236355,0.04705452,0.029073648,inf,inf,inf,inf,1,1,1,1,3,2,2,1,4,1,0,0,0,0
153792574,153792186,0,nan,nan,-1.2976342,-0.6747516,-1.8015473,-1.1594316,-1.8934613,-1.1714145,1.7818192,2.0292363,-0.35652965,-0.35427105,-0.007731634,0.0012054658,-0.0022163761,0.8452318,0.7232633,1.457204,-0.018002082,2.5497687,nan,1.7532877,0.014955695,0.010151138,0.044036277,0.027727997,inf,inf,inf,inf,1,1,1,1,3,2,2,1,4,1,0,0,0,0
153891419,153891029,0,nan,nan,-1.1079315,-0.47849423,-1.8253204,-1.1594316,-1.8934613,-1.1714145,1.855117,2.0828185,-0.22334328,-0.21615762,-0.007731634,0.0012054658,-0.0022163761,-0.17936331,0.4811908,1.4608147,-0.030359192,2.5497687,nan,1.7770607,0.014064325,0.009564082,0.042553768,0.02736269,inf,inf,inf,inf,1,1,1,1,3,2,2,1,4,1,0,0,0,0
153990309,153989872,0,nan,nan,-0.9170651,-0.28099713,-1.8343729,-1.1594316,-1.8934613,-1.1714145,1.868316,2.0918756,-0.090933956,-0.078583136,-0.007731634,0.0012054658,-0.0022163761,-0.20915888,-0.1792428,1.2408477,-0.046621464,2.5497687,nan,1.7861133,0.013596608,0.009268894,0.041431278,0.027312607,inf,inf,inf,inf,1,1,1,1,3,2,2,1,4,1,0,0,0,0
154089117,154088715,0,nan,nan,-0.7318548,-0.08531926,-1.828804,-1.1594316,-1.8934613,-1.1714145,1.8120724,2.073328,0.05347645,0.070970975,-0.007731634,0.0012054658,-0.0022163761,-1.0866456,-0.21019116,1.3180747,-0.06418488,2.5497687,nan,1.7805444,0.01333219,0.009131832,0.040450864,0.02733251,inf,inf,inf,inf,1,1,1,1,3,2,2,1,4,1,0,0,0,0
154187977,154187558,0,nan,nan,-0.55742437,0.10662952,-1.8100079,-1.1594316,-1.8934613,-1.1714145,1.7103617,2.0307941,0.18079169,0.2025397,-0.007731634,0.0012054658,-0.0022163761,-1.1152697,-0.09073733,1.3350775,-0.08148316,2.5497687,nan,1.7617483,0.014410133,0.009893712,0.041225236,0.02831066,inf,inf,inf,inf,1,1,1,1,3,2,2,1,4,1,0,0,0,0
154286857,154286401,0,nan,nan,-0.39937562,0.29210857,-1.7788895,-1.1594316,-1.8934613,-1.1714145,1.5639766,1.9593567,0.2883063,0.31433803,-0.007731634,0.0012054658,-0.0022163761,-1.2012594,-0.89222765,0.89024,-0.096405596,2.5497687,nan,1.7306299,0.01373317,0.009525926,0.039639402,0.027621513,inf,inf,inf,inf,1,1,1,1,3,2,2,1,4,1,0,0,0,0
154395573,154395128,0,nan,nan,-0.24654241,0.48770386,-1.7359555,-1.1594316,-1.8934613,-1.1714145,1.3774737,1.8769209,0.34825063,0.3775927,-0.007731634,0.0012054658,-0.0022163761,-1.7099829,-1.0910393,0.44022542,-0.107622616,2.5497687,nan,1.6876959,0.014850299,0.010353304,0.040950082,0.028556518,inf,inf,inf,inf,1,1,1,1,3,2,2,1,4,1,0,0,0,0
154494360,154493971,0,nan,nan,-0.12867112,0.65762067,-1.6959726,-1.1594316,-1.8934613,-1.1714145,1.2121859,1.8192888,0.3276418,0.35824662,-0.007731634,0.0012054658,-0.0022163761,-1.7695901,-0.18697692,-0.3159814,-0.11341602,2.5497687,nan,1.647713,0.015431098,0.010802692,0.041646272,0.02883911,inf,inf,inf,inf,1,1,1,1,3,2,2,1,4,1,0,0,0,0
154593264,154592814,0,nan,nan,-0.028439645,0.82476646,-1.6592939,-1.1594316,-1.8934613,-1.1714145,1.0873439,1.822354,0.32722142,0.35717878,-0.007731634,0.0012054658,-0.0022163761,0.12996186,0.24793227,-0.26670232,-0.116766006,2.5497687,nan,1.6110343,0.015817517,0.011092437,0.042256366,0.028922325,inf,inf,inf,inf,1,1,1,1,3,2,2,1,4,1,0,0,0,0
154692050,154691657,0,nan,nan,0.06706725,0.99604565,-1.6252528,-1.1594316,-1.8934613,-1.1714145,1.1236464,1.8658236,0.34618416,0.37333858,-0.007731634,0.0012054658,-0.0022163761,1.2915826,0.6213255,0.22094285,-0.123283744,2.5497687,nan,1.5769932,0.01606669,0.011261597,0.042487975,0.028893033,inf,inf,inf,inf,1,1,1,1,3,2,2,1,4,1,0,0,0,0
154790946,154790500,0,nan,nan,0.17691661,1.1742704,-1.5894742,-1.1594316,-1.8934613,-1.1714145,1.3482426,1.9032795,0.41294938,0.43459558,-0.007731634,0.0012054658,-0.0022163761,2.8793612,0.20789634,0.98635054,-0.13023388,2.5497687,nan,1.5412146,0.014455506,0.010130965,0.040298343,0.027494032,inf,inf,inf,inf,1,1,1,1,3,2,2,1,4,1,0,0,0,0
154889750,154889343,0,nan,nan,0.31759962,1.3561941,-1.5464708,-1.1594316,-1.8934613,-1.1714145,1.646391,1.8765857,0.51890504,0.5343354,-0.007731634,0.0012054658,-0.0022163761,3.2936058,-0.41106468,0.5866605,-0.1315494,2.5497687,nan,1.4982111,0.013641834,0.009552487,0.039495084,0.027108908,inf,inf,inf,inf,1,1,1,1,3,2,2,1,4,1,0,0,0,0
154988616,154988186,0,nan,nan,0.49266246,1.5341774,-1.4958894,-1.1594316,-1.8934613,-1.1714145,1.9192933,1.7747883,0.56754243,0.57771474,-0.007731634,0.0012054658,-0.0022163761,2.1542044,-1.2697855,-0.3180468,-0.13170108,2.5497687,nan,1.4476298,0.013223101,0.009255126,0.03952704,0.027099151,inf,inf,inf,inf,1,1,1,1,3,2,2,1,4,1,0,0,0,0
155087465,155087029,0,nan,nan,0.69102883,1.6982095,-1.443726,-1.1594316,-1.8934613,-1.1714145,2.0487704,1.5829082,0.5389943,0.5453272,-0.007731634,0.0012054658,-0.0022163761,-0.07037115,-2.369492,-0.56530446,-0.13791351,2.5497687,nan,1.3954663,0.014247072,0.009948401,0.04147264,0.028148036,inf,inf,inf,inf,1,1,1,1,3,2,2,1,4,1,0,0,0,0
155196206,155195756,0,nan,nan,0.91269416,1.8511454,-1.3919507,-1.1594316,-1.8934613,-1.1714145,1.947249,1.302395,0.46648878,0.47004467,-0.007731634,0.0012054658,-0.0022163761,-1.9996996,-3.084034,-0.13585734,-0.14453161,2.5497687,nan,1.3436911,0.0139578795,0.009727466,0.041648846,0.027877914,inf,inf,inf,inf,1,1,1,1,3,2,2,1,4,1,0,0,0,0
155295006,155294599,0,nan,nan,1.0910712,1.9594989,-1.3498145,-1.1594316,-1.8934613,-1.1714145,1.6678746,1.0316699,0.43929487,0.44077873,-0.007731634,0.0012054658,-0.0022163761,-3.233929,-2.6645732,0.17575166,-0.1384944,2.5497687,nan,1.3015549,0.013544179,0.009413872,0.04152929,0.02748188,inf,inf,inf,inf,1,1,1,1,3,2,2,1,4,1,0,0,0,0
155393829,155393442,0,nan,nan,1.2306687,2.0365992,-1.3082938,-1.1594316,-1.8934613,-1.1714145,1.3013843,0.7359876,0.46176213,0.46134338,-0.007731634,0.0012054658,-0.0022163761,-3.8914158,-2.6414282,0.5084362,-0.11179,2.5497687,nan,1.2600342,0.013342039,0.009238219,0.0420109,0.027416494,inf,inf,inf,inf,1,1,1,1,3,2,2,1,4,1,0,0,0,0
155492761,155492285,0,nan,nan,1.3288318,2.083962,-1.2620902,-1.1594316,-1.8934613,-1.1714145,0.96127504,0.46129113,0.5110538,0.5089888,-0.007731634,0.0012054658,-0.0022163761,-2.41589,-1.8127744,0.0808261,-0.06286865,2.5497687,nan,1.2138306,0.013274503,0.00914929,0.042814624,0.027543712,inf,inf,inf,inf,1,1,1,1,3,2,2,1,4,1,0,0,0,0
155591603,155591128,0,nan,nan,1.3952918,2.108704,-1.2169743,-1.1594316,-1.8934613,-1.1714145,0.76362145,0.27998304,0.43017706,0.4262239,-0.007731634,0.0012054658,-0.0022163761,-0.6509604,-1.3980399,-0.85977733,-0.007851545,2.5497687,nan,1.1687146,0.013292178,0.009114238,0.043488503,0.027644152,inf,inf,inf,inf,1,1,1,1,3,2,2,1,4,1,0,0,0,0
155690390,155689971,0,nan,nan,1.4489251,2.122658,-1.1837493,-1.1594316,-1.8934613,-1.1714145,0.71863365,0.18356436,0.3238363,0.31678352,-0.007731634,0.0012054658,-0.0022163761,0.6099729,-0.8189067,-0.6052198,0.03754169,2.5497687,nan,1.1354897,0.01335007,0.009103961,0.043574862,0.027513042,inf,inf,inf,inf,1,1,1,1,3,2,2,1,4,1,0,0,0,0
155789278,155788814,0,nan,nan,1.5041744,2.1312597,-1.1601108,-1.1594316,-1.8934613,-1.1714145,0.74391544,0.09785819,0.26341742,0.25269312,-0.007731634,0.0012054658,-0.0022163761,0.42344695,-0.52481604,0.088875204,0.07246857,2.5497687,nan,1.1118512,0.014671461,0.009915262,0.044784367,0.028359093,inf,inf,inf,inf,1,1,1,1,3,2,2,1,4,1,0,0,0,0
155898000,155897542,0,nan,nan,1.5713482,2.1359289,-1.139909,-1.1594316,-1.8934613,-1.1714145,0.77038324,0.004525556,0.23133847,0.2161265,-0.007731634,0.0012054658,-0.0022163761,0.516112,-0.8395206,-0.030093499,0.09756764,2.5497687,nan,1.0916494,0.015963716,0.010741052,0.045311164,0.029018817,inf,inf,inf,inf,1,1,1,1,3,2,2,1,4,1,0,0,0,0
155987140,155986500,0,nan,nan,1.6297314,2.135435,-1.125831,-1.1594316,-1.8934613,-1.1714145,0.7633881,-0.069966,0.21092847,0.19214827,-0.007731634,0.0012054658,-0.0022163761,-0.20006923,-0.3223628,-0.3247536,0.108793706,2.5497687,nan,1.0775714,0.016187126,0.010931568,0.04440173,0.028816467,inf,inf,inf,inf,1,1,1,1,3,2,2,1,4,1,0,0,0,0
156095649,156095228,0,nan,nan,1.7004296,2.1317468,-1.1108952,-1.1594316,-1.8934613,-1.1714145,0.7195899,-0.13812941,0.19743612,0.17429985,-0.007731634,0.0012054658,-0.0022163761,-0.20426266,-0.28267306,0.04637933,0.11415368,2.5497687,nan,1.0626355,0.014820312,0.010120069,0.04164172,0.02753282,inf,inf,inf,inf,1,1,1,1,3,2,2,1,4,1,0,0,0,0
156194521,156194070,0,nan,nan,1.7611033,2.1276503,-1.0988567,-1.1594316,-1.8934613,-1.1714145,0.65859324,-0.16772802,0.17837863,0.15235355,-0.007731634,0.0012054658,-0.0022163761,-0.81314456,0.2232678,-0.30069804,0.114083484,2.5497687,nan,1.0505971,0.014062713,0.009649766,0.040806442,0.027235778,inf,inf,inf,inf,1,1,1,1,3,2,2,1,4,1,0,0,0,0
156293322,156292913,0,nan,nan,1.8168621,2.12392,-1.0879055,-1.1594316,-1.8934613,-1.1714145,0.5932281,-0.16504826,0.15572672,0.12835847,-0.007731634,0.0012054658,-0.0022163761,-0.910156,-0.13718955,-0.003534158,0.11089765,2.5497687,nan,1.0396459,0.013545474,0.009329809,0.040257763,0.027059948,inf,inf,inf,inf,1,1,1,1,3,2,2,1,4,1,0,0,0,0
156392203,156391756,0,nan,nan,1.8664746,2.122787,-1.0783767,-1.1594316,-1.8934613,-1.1714145,0.526078,-0.14024667,0.12848672,0.10102229,-0.007731634,0.0012054658,-0.0022163761,-0.28099054,0.010151475,0.3310432,0.105067685,2.5497687,nan,1.030117,0.013269634,0.009163035,0.04007853,0.027062472,inf,inf,inf,inf,1,1,1,1,3,2,2,1,4,1,0,0,0,0
156491000,156490599,0,nan,nan,1.9098076,2.12562,-1.0697218,-1.1594316,-1.8934613,-1.1714145,0.4551465,-0.10125702,0.10877598,0.08228351,-0.007731634,0.0012054658,-0.0022163761,-0.56303287,0.35570583,-0.21593677,0.096211635,2.5497687,nan,1.0214622,0.01313155,0.009085209,0.04001522,0.027105292,inf,inf,inf,inf,1,1,1,1,3,2,2,1,4,1,0,0,0,0
156589864,156589442,0,nan,nan,1.9467812,2.1327524,-1.0615447,-1.1594316,-1.8934613,-1.1714145,0.37931895,-0.055825796,0.101820506,0.07711656,-0.007731634,0.0012054658,-0.0022163761,-0.66080916,0.11446091,0.5543613,0.08426438,2.5497687,nan,1.013285,0.01306876,0.009055802,0.03998229,0.02713368,inf,inf,inf,inf,1,1,1,1,3,2,2,1,4,1,0,0,0,0
156688885,156688285,0,nan,nan,1.9771794,2.144339,-1.0534441,-1.1594316,-1.8934613,-1.1714145,0.3062211,-0.011365814,0.089847304,0.06751734,-0.007731634,0.0012054658,-0.0022163761,-0.8464925,0.072451,-0.08346885,0.0708171,2.5497687,nan,1.0051845,0.013043539,0.00904953,0.039938718,0.027133573,inf,inf,inf,inf,1,1,1,1,3,2,2,1,4,1,0,0,0,0
156797425,156797013,0,nan,nan,2.0037978,2.1616127,-1.0446471,-1.1594316,-1.8934613,-1.1714145,0.23788035,0.034132384,0.076693594,0.057373848,-0.007731634,0.0012054658,-0.0022163761,-0.6449174,-0.13346426,0.09206331,0.056940615,2.5497687,nan,0.9963875,0.013326278,0.009247296,0.040353715,0.027416449,inf,inf,inf,inf,1,1,1,1,3,2,2,1,4,1,0,0,0,0
156896279,156895856,0,nan,nan,2.0227103,2.1792476,-1.0365016,-1.1594316,-1.8934613,-1.1714145,0.18461251,0.062072728,0.07690974,0.060329493,-0.007731634,0.0012054658,-0.0022163761,-0.31099173,-0.077560686,-0.09183625,0.04592465,2.5497687,nan,0.98824203,0.014538112,0.010070019,0.0418325,0.028385332,inf,inf,inf,inf,1,1,1,1,3,2,2,1,4,1,0,0,0,0
156995115,156994699,0,nan,nan,2.0378032,2.1969643,-1.0204843,-1.1594316,-1.8934613,-1.1714145,0.13043325,0.06529294,0.40278047,0.38890237,-0.007731634,0.0012054658,-0.0022163761,-0.511526,0.21856123,7.6577106,0.03896763,2.5497687,nan,0.9722247,0.015441782,0.0106924465,0.04252403,0.028861104,inf,inf,inf,inf,1,1,1,1,3,2,2,1,4,1,0,0,0,0
157093966,157093541,0,nan,nan,2.0499823,2.2133048,-0.94452244,-1.1594316,-1.8934613,-1.1714145,0.1285581,0.07142921,1.0430224,1.0331943,-0.007731634,0.0012054658,-0.0022163761,0.3488171,0.79215467,5.2052827,0.034021895,2.5497687,nan,0.8962628,0.016010286,0.011111627,0.041683048,0.029024284,inf,inf,inf,inf,1,1,1,1,3,2,2,1,4,1,0,0,0,0
157192792,157192384,0,nan,nan,2.06914,2.2295496,-0.81961215,-1.1594316,-1.8934613,-1.1714145,0.23445077,0.09890866,1.3237417,1.3203775,-0.007731634,0.0012054658,-0.0022163761,0.8714444,0.19811599,1.3373102,0.03628865,2.5497687,nan,0.7713525,0.016187832,0.011299849,0.040784754,0.028876545,inf,inf,inf,inf,1,1,1,1,3,2,2,1,4,1,0,0,0,0
157291694,157291227,0,nan,nan,2.1012278,2.2482076,-0.6732912,-1.1594316,-1.8934613,-1.1714145,0.31797767,0.13948406,1.3707165,1.3790855,-0.007731634,0.0012054658,-0.0022163761,0.64899504,0.341474,-0.7786938,0.053251285,2.5497687,nan,0.6250316,0.014511358,0.010200538,0.0386772,0.027486965,inf,inf,inf,inf,1,1,1,1,3,2,2,1,4,1,0,0,0,0
157390460,157390070,0,nan,nan,2.1379952,2.2689674,-0.5273874,-1.1594316,-1.8934613,-1.1714145,0.29436484,0.16157761,1.3414862,1.360444,-0.007731634,0.0012054658,-0.0022163761,-1.0845516,0.15404125,-0.20511894,0.084464185,2.5497687,nan,0.47912776,0.013607986,0.0095951995,0.03828983,0.027053988,inf,inf,inf,inf,1,1,1,1,3,2,2,1,4,1,0,0,0,0
157489360,157488913,0,nan,nan,2.168507,2.28816,-0.38149583,-1.1594316,-1.8934613,-1.1714145,0.20302288,0.13825479,1.3919392,1.4181955,-0.007731634,0.0012054658,-0.0022163761,-1.277435,-0.79098505,0.5277743,0.122880116,2.5497687,nan,0.33323622,0.013151256,0.009279397,0.038464054,0.02702164,inf,inf,inf,inf,1,1,1,1,3,2,2,1,4,1,0,0,0,0
157588153,157587756,0,nan,nan,2.1889133,2.3026526,-0.23355938,-1.1594316,-1.8934613,-1.1714145,0.11069266,0.10948604,1.403987,1.4341745,-0.007731634,0.0012054658,-0.0022163761,-1.1465464,-0.67486805,-1.0573663,0.17983632,2.5497687,nan,0.18529975,0.012940085,0.00912636,0.03874589,0.027099296,inf,inf,inf,inf,1,1,1,1,3,2,2,1,4,1,0,0,0,0
157696894,157696483,0,nan,nan,2.202488,2.3140862,-0.080115594,-1.1594316,-1.8934613,-1.1714145,0.06852041,0.0774652,1.2638671,1.2950901,-0.007731634,0.0012054658,-0.0022163761,0.32875094,-1.3205402,-2.0882375,0.25424862,2.5497687,nan,0.1,0.014323449,0.010082254,0.041057587,0.028438952,inf,inf,inf,inf,1,1,1,1,3,2,2,1,4,1,0,0,0,0
157795724,157795327,0,nan,nan,2.213735,2.3172204,-0.03692509,-1.1594316,-1.8934613,-1.1714145,-0.052802198,0.06980775,-0.48746607,-0.46002954,-0.007731634,0.0012054658,-0.0022163761,-16.327305,10.2502,2.1761699,0.2812379,2.5497687,nan,0.1,0.013820763,0.009706644,0.041372076,0.027819136,inf,inf,inf,inf,1,1,1,1,3,2,2,1,4,1,0,0,0,0
157894579,157894169,0,nan,nan,2.2142453,2.3108125,-0.06831915,-1.1594316,-1.8934613,-1.1714145,-0.00084156654,-0.06427229,-0.031787977,-0.013886588,-0.007731634,0.0012054658,-0.0022163761,1.1592977,1.178896,4.487161,0.23141986,2.5497687,nan,0.13866489,0.014988705,0.010363866,0.045811847,0.027804822,inf,inf,inf,inf,1,1,1,1,3,2,2,1,4,1,0,0,0,0
157993399,157993012,0,nan,nan,2.220796,2.3043795,-0.068515375,-1.1594316,-1.8934613,-1.1714145,0.088876285,-0.016465498,0.25763938,0.25850868,-0.007731634,0.0012054658,-0.0022163761,1.3333457,0.4164242,1.201785,0.17119682,2.5497687,nan,0.13886112,0.014182596,0.009701214,0.043132104,0.026217194,inf,inf,inf,inf,1,1,1,1,3,2,2,1,4,1,0,0,0,0
158092247,158091856,0,nan,nan,2.2356613,2.3035848,-0.06594551,-1.1594316,-1.8934613,-1.1714145,0.1021994,0.004607322,0.08239575,0.06677121,-0.007731634,0.0012054658,-0.0022163761,-2.3170958,-1.8632083,-1.9985728,0.15402052,2.5497687,nan,0.13629125,0.013712072,0.0092913415,0.042315952,0.02545953,inf,inf,inf,inf,1,1,1,1,3,2,2,1,4,1,0,0,0,0
158191124,158190698,0,nan,nan,2.2338731,2.298616,-0.08063867,-1.1594316,-1.8934613,-1.1714145,-0.10195356,-0.044274483,-0.026593758,-0.054932017,-0.007731634,0.0012054658,-0.0022163761,-0.2613871,0.14929736,1.0962745,0.16513135,2.5497687,nan,0.1509844,0.013481773,0.0090365615,0.042808272,0.025131252,inf,inf,inf,inf,1,1,1,1,3,2,2,1,4,1,0,0,0,0
158289941,158289541,0,nan,nan,2.227259,2.2946002,-0.09383095,-1.1594316,-1.8934613,-1.1714145,-0.043787614,-0.013702619,0.015462207,-0.021608876,-0.007731634,0.0012054658,-0.0022163761,-0.23139705,0.21314734,-0.44645172,0.18171832,2.5497687,nan,0.16417669,0.013397722,0.008884113,0.04301374,0.025158517,inf,inf,inf,inf,1,1,1,1,3,2,2,1,4,1,0,0,0,0
158388797,158388384,0,nan,nan,2.2235315,2.2930834,-0.10793469,-1.1594316,-1.8934613,-1.1714145,0.0033184995,0.0032363737,-0.03631896,-0.07790765,-0.007731634,0.0012054658,-0.0022163761,1.1448308,0.43099633,0.9416214,0.17536825,2.5497687,nan,0.17828043,0.013380031,0.008804614,0.043366194,0.025413027,inf,inf,inf,inf,1,1,1,1,3,2,2,1,4,1,0,0,0,0
158487618,158487227,0,nan,nan,2.2253718,2.292659,-0.119002655,-1.1594316,-1.8934613,-1.1714145,0.021045491,-0.01620958,-0.045341633,-0.08790595,-0.007731634,0.0012054658,-0.0022163761,-0.17112464,-0.39865175,-0.09798859,0.17269556,2.5497687,nan,0.1893484,0.013404053,0.008779126,0.043519553,0.025781551,inf,inf,inf,inf,1,1,1,1,3,2,2,1,4,1,0,0,0,0
158596492,158595954,0,nan,nan,2.2245095,2.2917883,-0.12699595,-1.1594316,-1.8934613,-1.1714145,-0.032166343,-0.022372372,-0.040060822,-0.08058887,-0.007731634,0.0012054658,-0.0022163761,-0.9187056,-0.4474681,-0.66246176,0.18310714,2.5497687,nan,0.19734168,0.013690403,0.008939037,0.043928113,0.026381789,inf,inf,inf,inf,1,1,1,1,3,2,2,1,4,1,0,0,0,0
158695213,158694797,0,nan,nan,2.220998,2.291494,-0.13341996,-1.1594316,-1.8934613,-1.1714145,-0.017248154,0.010510861,-0.031987384,-0.06895741,-0.007731634,0.0012054658,-0.0022163761,0.84905565,-0.37982184,0.30806655,0.17686176,2.5497687,nan,0.20376569,0.01504869,0.009741836,0.045923453,0.027626155,inf,inf,inf,inf,1,1,1,1,3,2,2,1,4,1,0,0,0,0
158794082,158793640,0,nan,nan,2.2204878,2.2919593,-0.13702948,-1.1594316,-1.8934613,-1.1714145,0.003579203,-0.009187525,-0.030071618,-0.06209974,-0.007731634,0.0012054658,-0.0022163761,0.39203125,-0.21790445,0.37673566,0.17710508,2.5497687,nan,0.20737523,0.0143266795,0.009410562,0.044103384,0.027188014,inf,inf,inf,inf,1,1,1,1,3,2,2,1,4,1,0,0,0,0
158892885,158892483,0,nan,nan,2.220261,2.2924683,-0.13818513,-1.1594316,-1.8934613,-1.1714145,-0.019407623,0.0055827913,-0.026244225,-0.05251142,-0.007731634,0.0012054658,-0.0022163761,-0.22889,-0.050019976,0.27808106,0.17931958,2.5497687,nan,0.20853087,0.013902673,0.00921618,0.043233193,0.027102191,inf,inf,inf,inf,1,1,1,1,3,2,2,1,4,1,0,0,0,0
158991743,158991326,0,nan,nan,2.2190576,2.2931538,-0.13769853,-1.1594316,-1.8934613,-1.1714145,-0.017882846,0.0024568117,-0.018744634,-0.03927949,-0.007731634,0.0012054658,-0.0022163761,-0.1781632,0.007343072,0.10697852,0.17646755,2.5497687,nan,0.20804426,0.013656435,0.009113363,0.042777397,0.027150981,inf,inf,inf,inf,1,1,1,1,3,2,2,1,4,1,0,0,0,0
159090744,159090169,0,nan,nan,2.2191029,2.2939665,-0.13589019,-1.1594316,-1.8934613,-1.1714145,-0.0075986804,0.0024850601,-0.010721081,-0.02603768,-0.007731634,0.0012054658,-0.0022163761,-0.26676923,-0.27306747,0.020216642,0.17900303,2.5497687,nan,0.20623592,0.013515967,0.009068375,0.042466883,0.027223026,inf,inf,inf,inf,1,1,1,1,3,2,2,1,4,1,0,0,0,0
159189442,159189012,0,nan,nan,2.2192316,2.2947552,-0.13335794,-1.1594316,-1.8934613,-1.1714145,-0.017068947,0.010004228,-0.0044929762,-0.015360796,-0.007731634,0.0012054658,-0.0022163761,-0.39856395,0.02102658,-0.04414148,0.17799762,2.5497687,nan,0.11196208,0.013435041,0.009056033,0.04219692,0.0272687,inf,inf,inf,inf,1,1,1,1,3,2,2,1,4,1,0,0,1,0
159288277,159287856,0,nan,nan,2.219199,2.2953103,-0.13045211,-1.1594316,-1.8934613,-1.1714145,-0.010141586,0.0065459283,0.0016140769,-0.00570633,-0.007731634,0.0012054658,-0.0022163761,-0.4189431,0.062140476,-0.18355381,0.17815115,2.5497687,nan,0.11022773,0.013384555,0.009058789,0.041923426,0.027274422,inf,inf,inf,inf,1,1,1,1,3,2,2,1,4,1,0,0,1,0
159397012,159396582,0,nan,nan,2.2198613,2.2960346,-0.12710972,-1.1594316,-1.8934613,-1.1714145,-0.0074561117,0.0092870295,0.008814541,0.004349009,-0.007731634,0.0012054658,-0.0022163761,0.25510326,-0.19364922,0.4445658,0.17860602,2.5497687,nan,0.108045936,0.013657785,0.009262589,0.04217038,0.027555015,inf,inf,inf,inf,1,1,1,1,3,2,2,1,4,1,0,0,1,0
159495831,159495425,0,nan,nan,2.2201695,2.2964113,-0.12416823,-1.1594316,-1.8934613,-1.1714145,-0.009649601,0.009898497,0.013747183,0.011011603,-0.007731634,0.0012054658,-0.0022163761,0.43676,-0.12832671,0.4784628,0.17837887,2.5497687,nan,0.10600113,0.0135564795,0.009228549,0.04170597,0.027396029,inf,inf,inf,inf,1,1,1,1,3,2,2,1,4,1,0,0,1,0
159594692,159594268,0,nan,nan,2.2206182,2.296722,-0.12140591,-1.1594316,-1.8934613,-1.1714145,-0.004259592,0.009328874,0.01707905,0.015389692,-0.007731634,0.0012054658,-0.0022163761,0.31561753,-0.27441967,0.42447546,0.17843392,2.5497687,nan,0.1041893,0.014812023,0.0100572035,0.043277852,0.028393509,inf,inf,inf,inf,1,1,1,1,3,2,2,1,4,1,0,0,1,0
159693529,159693111,0,nan,nan,2.2211387,2.2969813,-0.11906348,-1.1594316,-1.8934613,-1.1714145,-0.006551031,0.009643179,0.019053128,0.017671991,-0.007731634,0.0012054658,-0.0022163761,0.5905262,-0.15015763,0.54936206,0.17884578,2.5497687,nan,0.10206441,0.014146953,0.009668741,0.041729882,0.02757793,inf,inf,inf,inf,1,1,1,1,3,2,2,1,4,1,0,0,1,0
159792423,159791954,0,nan,nan,2.221521,2.2969513,-0.11717221,-1.1594316,-1.8934613,-1.1714145,-0.0043591033,0.009661568,0.019776404,0.018123485,-0.007731634,0.0012054658,-0.0022163761,1.034642,-0.25811112,0.49966943,0.17865169,2.5497687,nan,0.10031254,0.013686001,0.009389772,0.040893402,0.027146447,inf,inf,inf,inf,1,1,1,1,3,2,2,1,4,1,0,0,1,0
159891188,159890796,0,nan,nan,2.2220583,2.2968886,-0.11575067,-1.1594316,-1.8934613,-1.1714145,-0.0028415413,0.009394885,0.019292006,0.016973795,-0.007731634,0.0012054658,-0.0022163761,0.59925246,-0.11801685,0.31489053,0.17884454,2.5497687,nan,0.1,0.013412539,0.009221264,0.040544126,0.02699043,inf,inf,inf,inf,1,1,1,1,3,2,2,1,4,1,0,0,1,0
159990089,159989639,0,nan,nan,2.2224393,2.2967515,-0.11459373,-1.1594316,-1.8934613,-1.1714145,-0.004079675,0.009566346,0.01893567,0.015898464,-0.007731634,0.0012054658,-0.0022163761,0.6106757,-0.032211438,0.17351513,0.17879012,2.5497687,nan,0.1,0.014523508,0.009958332,0.042079348,0.027964596,inf,inf,inf,inf,1,1,1,1,3,2,2,1,4,1,0,0,1,0
160098818,160098366,0,nan,nan,2.222892,2.296513,-0.11380887,-1.1594316,-1.8934613,-1.1714145,-0.004878653,0.009473303,0.017407233,0.013287438,-0.007731634,0.0012054658,-0.0022163761,-0.4891819,0.28599405,-0.39090782,0.17892666,2.5497687,nan,0.1,0.01416996,0.009744194,0.041379362,0.027597666,inf,inf,inf,inf,1,1,1,1,3,2,2,1,4,1,0,0,1,0
160187795,160187325,0,nan,nan,2.2232594,2.2963128,-0.113483444,-1.1594316,-1.8934613,-1.1714145,-0.0043803505,0.008817015,0.017764425,0.01266177,-0.007731634,0.0012054658,-0.0022163761,0.040521633,0.0610164,-0.12995432,0.17903613,2.5497687,nan,0.1,0.013488876,0.009303487,0.040402662,0.027043113,inf,inf,inf,inf,1,1,1,1,3,2,2,1,4,1,0,0,1,0
160296447,160296052,0,nan,nan,2.223575,2.2959654,-0.11336536,-1.1594316,-1.8934613,-1.1714145,-0.005652103,0.008648869,0.01801536,0.011709543,-0.007731634,0.0012054658,-0.0022163761,-0.57370526,0.22686335,-0.37119663,0.17921261,2.5497687,nan,0.1,0.013568383,0.009357485,0.040737603,0.02728921,inf,inf,inf,inf,1,1,1,1,3,2,2,1,4,1,0,0,1,0
160395305,160394895,0,nan,nan,2.2238655,2.2956967,-0.113279246,-1.1594316,-1.8934613,-1.1714145,-0.0051261066,0.00724434,0.017050397,0.00990016,-0.007731634,0.0012054658,-0.0022163761,-0.6931973,0.1802697,-0.311543,0.17896509,2.5497687,nan,0.1,0.014715457,0.010121187,0.042295676,0.028284578,inf,inf,inf,inf,1,1,1,1,3,2,2,1,4,1,0,0,1,0
160494138,160493738,0,nan,nan,2.2240112,2.2954452,-0.11322337,-1.1594316,-1.8934613,-1.1714145,-0.0044626077,0.006337775,0.016621944,0.008781991,-0.007731634,0.0012054658,-0.0022163761,-0.4623307,0.06049084,-0.092874795,0.17941356,2.5497687,nan,0.1,0.015575632,0.0107058445,0.04306911,0.02880316,inf,inf,inf,inf,1,1,1,1,3,2,2,1,4,1,0,0,1,0
160593022,160592581,0,nan,nan,2.224234,2.2952116,-0.11318978,-1.1594316,-1.8934613,-1.1714145,-0.0023782942,0.006769511,0.01609978,0.0076769814,-0.007731634,0.0012054658,-0.0022163761,-0.35683,-0.16952656,0.06578624,0.17920925,2.5497687,nan,0.1,0.016048348,0.011044014,0.043088812,0.028861424,inf,inf,inf,inf,1,1,1,1,3,2,2,1,4,1,0,0,1,0
160691819,160691424,0,nan,nan,2.224388,2.2949414,-0.1132883,-1.1594316,-1.8934613,-1.1714145,-0.0024040202,0.0040464364,0.017065376,0.00804972,-0.007731634,0.0012054658,-0.0022163761,0.1457305,-0.22244929,0.4491022,0.1790995,2.5497687,nan,0.1,0.016308859,0.011240493,0.04296026,0.02882145,inf,inf,inf,inf,1,1,1,1,3,2,2,1,4,1,0,0,1,0
160790658,160790267,0,nan,nan,2.224472,2.294624,-0.11371556,-1.1594316,-1.8934613,-1.1714145,-0.00019516751,0.004071542,0.015903562,0.006093829,-0.007731634,0.0012054658,-0.0022163761,0.61288184,-0.33629498,0.5276763,0.17938429,2.5497687,nan,0.1,0.014613944,0.0101265535,0.04068403,0.027434224,inf,inf,inf,inf,1,1,1,1,3,2,2,1,4,1,0,0,1,0
160889531,160889109,0,nan,nan,2.224628,2.2942598,-0.11431924,-1.1594316,-1.8934613,-1.1714145,-0.0010269054,0.004367236,0.013652379,0.0030944159,-0.007731634,0.0012054658,-0.0022163761,0.60382754,-0.30192554,0.32117668,0.1794716,2.5497687,nan,0.1,0.013765644,0.009553363,0.04008767,0.027079271,inf,inf,inf,inf,1,1,1,1,3,2,2,1,4,1,0,0,1,0
160998334,160997837,0,nan,nan,2.224726,2.2938437,-0.11505888,-1.1594316,-1.8934613,-1.1714145,-0.0037148013,0.0050366004,0.010185637,-0.00097576436,-0.007731634,0.0012054658,-0.0022163761,-0.5530167,0.334986,-0.4716492,0.17921172,2.5497687,nan,0.1,0.0136209885,0.009445979,0.04053629,0.027382638,inf,inf,inf,inf,1,1,1,1,3,2,2,1,4,1,0,0,1,0
161087231,161086795,0,nan,nan,2.2247949,2.293575,-0.11566356,-1.1594316,-1.8934613,-1.1714145,-0.0022212267,0.0036195798,0.0091339145,-0.0023301886,-0.007731634,0.0012054658,-0.0022163761,-0.08472849,0.2970166,-0.2422338,0.17955053,2.5497687,nan,0.1,0.0131400665,0.009118252,0.040143818,0.027159017,inf,inf,inf,inf,1,1,1,1,3,2,2,1,4,1,0,0,1,0
161195956,161195522,0,nan,nan,2.224853,2.2932236,-0.11628441,-1.1594316,-1.8934613,-1.1714145,-0.0051137884,0.0036388114,0.009752433,-0.0018560941,-0.007731634,0.0012054658,-0.0022163761,-1.0483038,0.11041296,-0.37285575,0.17969587,2.5497687,nan,0.1,0.013353981,0.009256635,0.040689573,0.027530655,inf,inf,inf,inf,1,1,1,1,3,2,2,1,4,1,0,0,1,0
161294837,161294365,0,nan,nan,2.2244585,2.2927387,-0.116454035,-1.1594316,-1.8934613,-1.1714145,-0.014666501,-0.00046681197,0.0052614305,-0.0063079135,-0.007731634,0.0012054658,-0.0022163761,-0.012369586,0.078269586,-0.089131415,0.1795532,2.5497687,nan,0.1,0.0133374855,0.009245555,0.04065734,0.027548064,inf,inf,inf,inf,1,1,1,1,3,2,2,1,4,1,0,0,1,0
161393616,161393208,0,nan,nan,2.2241726,2.2925236,-0.11674696,-1.1594316,-1.8934613,-1.1714145,-0.0006487324,0.0018945563,0.008052711,-0.0033722832,-0.007731634,0.0012054658,-0.0022163761,-0.004765171,-0.11407505,-0.1586101,0.17985213,2.5497687,nan,0.1,0.013279535,0.0092104385,0.040413264,0.027415575,inf,inf,inf,inf,1,1,1,1,3,2,2,1,4,1,0,0,1,0
161492562,161492051,0,nan,nan,2.2243469,2.2922952,-0.11709767,-1.1594316,-1.8934613,-1.1714145,-0.0035829346,0.0024893729,0.008471604,-0.0027689738,-0.007731634,0.0012054658,-0.0022163761,-0.17180254,-0.015350635,-0.11622532,0.18004037,2.5497687,nan,0.1,0.013188044,0.009154132,0.04008765,0.027230375,inf,inf,inf,inf,1,1,1,1,3,2,2,1,4,1,0,0,1,0
161591299,161590894,0,nan,nan,2.223956,2.292036,-0.117500596,-1.1594316,-1.8934613,-1.1714145,-0.004461348,0.0028340172,0.007905998,-0.003117988,-0.007731634,0.0012054658,-0.0022163761,0.02092698,0.005179233,-0.05229536,0.18000725,2.5497687,nan,0.1,0.013124213,0.009115471,0.03986848,0.027112093,inf,inf,inf,inf,1,1,1,1,3,2,2,1,4,1,0,0,1,0
161690204,161689737,0,nan,nan,2.2238982,2.2919135,-0.1178591,-1.1594316,-1.8934613,-1.1714145,-0.0009397062,0.0018454903,0.007248986,-0.0035233663,-0.007731634,0.0012054658,-0.0022163761,-0.013318505,-0.010587524,0.08638539,0.17997225,2.5497687,nan,0.10001023,0.01308003,0.009089339,0.03972031,0.027037615,inf,inf,inf,inf,1,1,1,1,3,2,2,1,4,1,0,0,1,0
161788992,161788579,0,nan,nan,2.2237709,2.2917564,-0.11817177,-1.1594316,-1.8934613,-1.1714145,-0.0058395555,0.0016260487,0.006088712,-0.0043899384,-0.007731634,0.0012054658,-0.0022163761,0.004604537,0.008151652,0.03947704,0.18019542,2.5497687,nan,0.10028794,0.013049653,0.009072012,0.03962005,0.026991136,inf,inf,inf,inf,1,1,1,1,3,2,2,1,4,1,0,0,1,0
161897797,161897307,0,nan,nan,2.223514,2.2916455,-0.11845604,-1.1594316,-1.8934613,-1.1714145,-0.0034600787,0.0013931692,0.0057316073,-0.004367879,-0.007731634,0.0012054658,-0.0022163761,0.043244634,0.00068851496,0.03559988,0.180242,2.5497687,nan,0.1005638,0.013318422,0.009255525,0.040029116,0.027270054,inf,inf,inf,inf,1,1,1,1,3,2,2,1,4,1,0,0,1,0
161986801,161986265,0,nan,nan,2.2234967,2.2915535,-0.118620664,-1.1594316,-1.8934613,-1.1714145,-0.0042553474,0.0016719163,0.005111933,-0.004645583,-0.007731634,0.0012054658,-0.0022163761,-0.0414357,0.0044114282,-0.0045080706,0.18036176,2.5497687,nan,0.100639984,0.012963168,0.009019822,0.03937266,0.02686248,inf,inf,inf,inf,1,1,1,1,3,2,2,1,4,1,0,0,1,0
162095463,162094992,0,nan,nan,2.2232957,2.2914596,-0.11879986,-1.1594316,-1.8934613,-1.1714145,-0.0054144654,0.0011221671,0.0050159763,-0.0043168045,-0.007731634,0.0012054658,-0.0022163761,0.01062037,0.002715523,0.0072934562,0.18038173,2.5497687,nan,0.100857615,0.013256542,0.009219118,0.03988012,0.027202332,inf,inf,inf,inf,1,1,1,1,3,2,2,1,4,1,0,0,1,0
