timestamp,timestamp_sample,control[0],control[1],control[2],control[3],control[4],control[5],control[6],control[7],control[8],control[9],control[10],control[11],reversible_flags
376000,376000,0.0,0.0,0.0,0.0,nan,nan,nan,nan,nan,nan,nan,nan,0
380000,380000,1.1641532e-10,0.0,0.0,0.0,nan,nan,nan,nan,nan,nan,nan,nan,0
476000,476000,2.910383e-11,0.0,0.0,0.0,nan,nan,nan,nan,nan,nan,nan,nan,0
576000,576000,8.7756954e-11,0.0,0.0,0.0,nan,nan,nan,nan,nan,nan,nan,nan,0
676000,676000,0.0,0.0,0.0,0.0,nan,nan,nan,nan,nan,nan,nan,nan,0
772000,772000,0.0,0.0,0.0,0.0,nan,nan,nan,nan,nan,nan,nan,nan,0
876000,876000,0.0,5.820766e-11,0.0,5.820766e-11,nan,nan,nan,nan,nan,nan,nan,nan,0
976000,976000,1.0971475e-10,0.0,0.0,0.0,nan,nan,nan,nan,nan,nan,nan,nan,0
1076000,1076000,0.0,0.0,0.0,0.0,nan,nan,nan,nan,nan,nan,nan,nan,0
1176000,1176000,0.0,0.0,1.6780177e-10,0.0,nan,nan,nan,nan,nan,nan,nan,nan,0
1276000,1276000,0.0,0.0,0.0,0.0,nan,nan,nan,nan,nan,nan,nan,nan,0
1376000,1376000,0.0020000003,0.0,0.0020000003,0.0,nan,nan,nan,nan,nan,nan,nan,nan,0
1476000,1476000,0.0020000013,0.0,0.0019999994,0.0,nan,nan,nan,nan,nan,nan,nan,nan,0
1576000,1576000,0.001999996,0.0,0.0019999999,9.313226e-10,nan,nan,nan,nan,nan,nan,nan,nan,0
1672000,1672000,0.0019999966,1.8626451e-09,0.0020000022,0.0,nan,nan,nan,nan,nan,nan,nan,nan,0
1776000,1776000,0.0019999994,0.0,0.0019999994,0.0,nan,nan,nan,nan,nan,nan,nan,nan,0
1876000,1876000,0.0019999987,0.0,0.002,1.8626451e-09,nan,nan,nan,nan,nan,nan,nan,nan,0
1976000,1976000,0.0019999985,0.0,0.0019999985,0.0,nan,nan,nan,nan,nan,nan,nan,nan,0
2076000,2076000,0.001999998,0.0,0.0020000036,0.0,nan,nan,nan,nan,nan,nan,nan,nan,0
2176000,2176000,0.0019999994,0.0,0.0019999994,0.0,nan,nan,nan,nan,nan,nan,nan,nan,0
2272000,2272000,0.001999997,0.0,0.0020000017,1.8626451e-09,nan,nan,nan,nan,nan,nan,nan,nan,0
2376000,2376000,0.0020000022,0.0,0.0019999985,0.0,nan,nan,nan,nan,nan,nan,nan,nan,0
2472000,2472000,0.0019999999,0.0,0.0019999996,0.0,nan,nan,nan,nan,nan,nan,nan,nan,0
2572000,2572000,0.0019999994,0.0,0.0020000013,0.0,nan,nan,nan,nan,nan,nan,nan,nan,0
2672000,2672000,0.0019999994,0.0,0.0020000013,0.0,nan,nan,nan,nan,nan,nan,nan,nan,0
2772000,2772000,0.001999997,0.0,0.0020000027,9.313226e-10,nan,nan,nan,nan,nan,nan,nan,nan,0
2876000,2876000,0.002000003,9.313226e-10,0.0019999987,0.0,nan,nan,nan,nan,nan,nan,nan,nan,0
2976000,2976000,0.002000001,1.8626451e-09,0.0019999978,0.0,nan,nan,nan,nan,nan,nan,nan,nan,0
3076000,3076000,0.0020000003,0.0,0.0020000003,0.0,nan,nan,nan,nan,nan,nan,nan,nan,0
3172000,3172000,0.0019999966,1.8626451e-09,0.0020000022,0.0,nan,nan,nan,nan,nan,nan,nan,nan,0
3276000,3276000,0.0020000008,3.7252903e-09,0.0019999945,0.0,nan,nan,nan,nan,nan,nan,nan,nan,0
3372000,3372000,0.0020000003,0.0,0.0020000003,0.0,nan,nan,nan,nan,nan,nan,nan,nan,0
3472000,3472000,0.0020000008,0.0,0.0020000008,0.0,nan,nan,nan,nan,nan,nan,nan,nan,0
3572000,3572000,0.0019999985,0.0,0.0020000022,0.0,nan,nan,nan,nan,nan,nan,nan,nan,0
3672000,3672000,0.0020000013,0.0,0.0019999994,0.0,nan,nan,nan,nan,nan,nan,nan,nan,0
3776000,3776000,0.0020000017,0.0,0.0019999996,0.0,nan,nan,nan,nan,nan,nan,nan,nan,0
3876000,3876000,0.0019999985,0.0,0.0020000022,0.0,nan,nan,nan,nan,nan,nan,nan,nan,0
3976000,3976000,0.0019999952,0.0,0.0020000036,1.8626451e-09,nan,nan,nan,nan,nan,nan,nan,nan,0
4076000,4076000,0.0020000022,0.0,0.0020000022,0.0,nan,nan,nan,nan,nan,nan,nan,nan,0
4176000,4176000,0.0020000013,0.0,0.0020000013,0.0,nan,nan,nan,nan,nan,nan,nan,nan,0
4272000,4272000,0.002000002,1.8626451e-09,0.001999999,0.0,nan,nan,nan,nan,nan,nan,nan,nan,0
4376000,4376000,0.0019999985,1.8626451e-09,0.0020000003,0.0,nan,nan,nan,nan,nan,nan,nan,nan,0
4476000,4476000,0.0020000003,0.0,0.0020000003,0.0,nan,nan,nan,nan,nan,nan,nan,nan,0
4576000,4576000,0.0020000022,0.0,0.0019999975,9.313226e-10,nan,nan,nan,nan,nan,nan,nan,nan,0
4676000,4676000,0.0019999985,1.8626451e-09,0.0020000003,0.0,nan,nan,nan,nan,nan,nan,nan,nan,0
4772000,4772000,0.0020000022,0.0,0.0020000022,0.0,nan,nan,nan,nan,nan,nan,nan,nan,0
4876000,4876000,0.0019999994,0.0,0.0020000013,0.0,nan,nan,nan,nan,nan,nan,nan,nan,0
4976000,4976000,0.0019999987,0.0,0.002,1.8626451e-09,nan,nan,nan,nan,nan,nan,nan,nan,0
5072000,5072000,0.0020000022,0.0,0.0019999985,0.0,nan,nan,nan,nan,nan,nan,nan,nan,0
5172000,5172000,0.0020000038,9.313226e-10,0.0019999978,0.0,nan,nan,nan,nan,nan,nan,nan,nan,0
5276000,5276000,0.0020000003,0.0,0.0020000003,0.0,nan,nan,nan,nan,nan,nan,nan,nan,0
5376000,5376000,0.001999999,0.0,0.0020000027,0.0,nan,nan,nan,nan,nan,nan,nan,nan,0
5472000,5472000,0.0019999978,0.0,0.002000001,1.8626451e-09,nan,nan,nan,nan,nan,nan,nan,nan,0
5576000,5576000,0.0020000013,0.0,0.0019999994,0.0,nan,nan,nan,nan,nan,nan,nan,nan,0
5676000,5676000,0.0020000003,0.0,0.0020000022,0.0,nan,nan,nan,nan,nan,nan,nan,nan,0
5776000,5776000,0.0020000008,1.8626451e-09,0.0019999961,0.0,nan,nan,nan,nan,nan,nan,nan,nan,0
5876000,5876000,0.0019999994,0.0,0.0020000013,0.0,nan,nan,nan,nan,nan,nan,nan,nan,0
5976000,5976000,0.0020000003,0.0,0.0020000003,0.0,nan,nan,nan,nan,nan,nan,nan,nan,0
6076000,6076000,0.0019999975,1.8626451e-09,0.0019999994,0.0,nan,nan,nan,nan,nan,nan,nan,nan,0
6176000,6176000,0.0019999968,0.0,0.0020000027,9.313226e-10,nan,nan,nan,nan,nan,nan,nan,nan,0
6276000,6276000,0.0019999978,0.0,0.0019999973,3.7252903e-09,nan,nan,nan,nan,nan,nan,nan,nan,0
6376000,6376000,0.0020000013,0.0,0.0019999994,1.8626451e-09,nan,nan,nan,nan,nan,nan,nan,nan,0
6476000,6476000,0.0019999996,0.0,0.0019999992,1.8626451e-09,nan,nan,nan,nan,nan,nan,nan,nan,0
6572000,6572000,0.002,0.0,0.0020000015,0.0,nan,nan,nan,nan,nan,nan,nan,nan,0
6676000,6676000,0.0019999996,0.0,0.0019999992,1.8626451e-09,nan,nan,nan,nan,nan,nan,nan,nan,0
6772000,6772000,0.0019999994,0.0,0.0020000013,0.0,nan,nan,nan,nan,nan,nan,nan,nan,0
6872000,6872000,0.0019999961,0.0,0.0020000027,1.8626451e-09,nan,nan,nan,nan,nan,nan,nan,nan,0
6976000,6976000,0.0020000013,0.0,0.0019999994,1.8626451e-09,nan,nan,nan,nan,nan,nan,nan,nan,0
7072000,7072000,0.0019999975,1.8626451e-09,0.0020000013,0.0,nan,nan,nan,nan,nan,nan,nan,nan,0
7176000,7176000,0.0019999996,0.0,0.0019999992,1.8626451e-09,nan,nan,nan,nan,nan,nan,nan,nan,0
7272000,7272000,0.002,1.8626451e-09,0.0019999987,0.0,nan,nan,nan,nan,nan,nan,nan,nan,0
7376000,7376000,0.0020000013,0.0,0.0019999975,1.8626451e-09,nan,nan,nan,nan,nan,nan,nan,nan,0
7476000,7476000,0.0020000027,9.313226e-10,0.001999997,0.0,nan,nan,nan,nan,nan,nan,nan,nan,0
7576000,7576000,0.0020000013,0.0,0.0019999994,0.0,nan,nan,nan,nan,nan,nan,nan,nan,0
7672000,7672000,0.002000001,1.8626451e-09,0.0019999978,0.0,nan,nan,nan,nan,nan,nan,nan,nan,0
7776000,7776000,0.0019999996,0.0,0.002,0.0,nan,nan,nan,nan,nan,nan,nan,nan,0
7876000,7876000,0.0019999999,0.0,0.0019999999,0.0,nan,nan,nan,nan,nan,nan,nan,nan,0
7976000,7976000,0.0019999964,0.0,0.0020000024,3.7252903e-09,nan,nan,nan,nan,nan,nan,nan,nan,0
8076000,8076000,0.0019999992,1.8626451e-09,0.0019999996,0.0,nan,nan,nan,nan,nan,nan,nan,nan,0
8176000,8176000,0.0020000003,0.0,0.0020000003,0.0,nan,nan,nan,nan,nan,nan,nan,nan,0
8276000,8276000,0.002,0.0,0.0019999996,0.0,nan,nan,nan,nan,nan,nan,nan,nan,0
8376000,8376000,0.002000002,0.0,0.0019999996,0.0,nan,nan,nan,nan,nan,nan,nan,nan,0
8476000,8476000,0.0020000017,0.0,0.0019999999,0.0,nan,nan,nan,nan,nan,nan,nan,nan,0
8576000,8576000,0.0019999992,1.8626451e-09,0.0019999996,0.0,nan,nan,nan,nan,nan,nan,nan,nan,0
8676000,8676000,0.0019999975,1.8626451e-09,0.0020000013,0.0,nan,nan,nan,nan,nan,nan,nan,nan,0
8776000,8776000,0.0020000013,0.0,0.0019999994,0.0,nan,nan,nan,nan,nan,nan,nan,nan,0
8872000,8872000,0.0019999999,0.0,0.0020000015,0.0,nan,nan,nan,nan,nan,nan,nan,nan,0
8976000,8976000,0.0019999961,0.0,0.0020000017,2.7939677e-09,nan,nan,nan,nan,nan,nan,nan,nan,0
9072000,9072000,0.0020000013,0.0,0.0019999994,0.0,nan,nan,nan,nan,nan,nan,nan,nan,0
9172000,9172000,0.0020000003,0.0,0.0020000003,0.0,nan,nan,nan,nan,nan,nan,nan,nan,0
9272000,9272000,0.0020000013,0.0,0.0019999994,0.0,nan,nan,nan,nan,nan,nan,nan,nan,0
9372000,9372000,0.0019999968,0.0,0.002000001,9.313226e-10,nan,nan,nan,nan,nan,nan,nan,nan,0
9476000,9476000,0.0020000013,0.0,0.0020000013,0.0,nan,nan,nan,nan,nan,nan,nan,nan,0
9576000,9576000,0.0020000013,0.0,0.0019999994,0.0,nan,nan,nan,nan,nan,nan,nan,nan,0
9672000,9672000,0.0020000013,0.0,0.0019999994,0.0,nan,nan,nan,nan,nan,nan,nan,nan,0
9776000,9776000,0.0020000003,1.8626451e-09,0.0019999985,0.0,nan,nan,nan,nan,nan,nan,nan,nan,0
9876000,9876000,0.0020000003,0.0,0.0020000003,0.0,nan,nan,nan,nan,nan,nan,nan,nan,0
9976000,9976000,0.0019999994,0.0,0.0020000013,0.0,nan,nan,nan,nan,nan,nan,nan,nan,0
10076000,10076000,0.0019999992,1.8626451e-09,0.0019999996,0.0,nan,nan,nan,nan,nan,nan,nan,nan,0
10176000,10176000,0.0020000003,0.0,0.0020000003,0.0,nan,nan,nan,nan,nan,nan,nan,nan,0
10276000,10276000,0.0019999985,0.0,0.0019999985,0.0,nan,nan,nan,nan,nan,nan,nan,nan,0
10376000,10376000,0.0019999994,0.0,0.0020000013,0.0,nan,nan,nan,nan,nan,nan,nan,nan,0
10476000,10476000,0.0019999994,0.0,0.0019999994,0.0,nan,nan,nan,nan,nan,nan,nan,nan,0
10576000,10576000,0.0019999994,0.0,0.0020000013,0.0,nan,nan,nan,nan,nan,nan,nan,nan,0
10676000,10676000,0.0131661575,0.0,0.013166154,0.0,nan,nan,nan,nan,nan,nan,nan,nan,0
10776000,10776000,0.031839926,0.009352382,0.04170363,0.00020205183,nan,nan,nan,nan,nan,nan,nan,nan,0
10876000,10876000,0.044303365,0.027540233,0.0589063,0.0122249285,nan,nan,nan,nan,nan,nan,nan,nan,0
10976000,10976000,0.06321714,0.045180317,0.07731163,0.02905916,nan,nan,nan,nan,nan,nan,nan,nan,0
11076000,11076000,0.079617076,0.06505512,0.09584238,0.048126467,nan,nan,nan,nan,nan,nan,nan,nan,0
11176000,11176000,0.100884326,0.08753361,0.11663169,0.07081876,nan,nan,nan,nan,nan,nan,nan,nan,0
11272000,11272000,0.12077887,0.111444294,0.13839678,0.093359575,nan,nan,nan,nan,nan,nan,nan,nan,0
11376000,11376000,0.14658843,0.13829006,0.16340803,0.11900681,nan,nan,nan,nan,nan,nan,nan,nan,0
11476000,11476000,0.17296082,0.16277161,0.19114028,0.1431558,nan,nan,nan,nan,nan,nan,nan,nan,0
11576000,11576000,0.20304987,0.1916837,0.22348587,0.17109132,nan,nan,nan,nan,nan,nan,nan,nan,0
11676000,11676000,0.23329979,0.2204054,0.25600928,0.19587499,nan,nan,nan,nan,nan,nan,nan,nan,0
11776000,11776000,0.26652825,0.2539914,0.29085767,0.2278541,nan,nan,nan,nan,nan,nan,nan,nan,0
11876000,11876000,0.29910228,0.28619468,0.32676792,0.256851,nan,nan,nan,nan,nan,nan,nan,nan,0
11976000,11976000,0.33767736,0.32257298,0.36667508,0.29007795,nan,nan,nan,nan,nan,nan,nan,nan,0
12072000,12072000,0.37447628,0.3567485,0.40635717,0.3236438,nan,nan,nan,nan,nan,nan,nan,nan,0
12172000,12172000,0.4130115,0.3946206,0.44755548,0.35733455,nan,nan,nan,nan,nan,nan,nan,nan,0
12276000,12276000,0.45635363,0.4358526,0.49408236,0.39747423,nan,nan,nan,nan,nan,nan,nan,nan,0
12372000,12372000,0.501486,0.48018998,0.54029644,0.44100496,nan,nan,nan,nan,nan,nan,nan,nan,0
12472000,12472000,0.5470354,0.5208707,0.5877327,0.480565,nan,nan,nan,nan,nan,nan,nan,nan,0
12576000,12576000,0.59583914,0.5702596,0.6384783,0.52716815,nan,nan,nan,nan,nan,nan,nan,nan,0
12676000,12676000,0.6362284,0.6080822,0.6811017,0.5619957,nan,nan,nan,nan,nan,nan,nan,nan,0
12776000,12776000,0.6518728,0.6181208,0.69648933,0.56986254,nan,nan,nan,nan,nan,nan,nan,nan,0
12876000,12876000,0.6643982,0.62747747,0.71108824,0.57960784,nan,nan,nan,nan,nan,nan,nan,nan,0
12972000,12972000,0.6767261,0.63906085,0.7251989,0.5885133,nan,nan,nan,nan,nan,nan,nan,nan,0
13076000,13076000,0.69072837,0.65017956,0.7412228,0.59804815,nan,nan,nan,nan,nan,nan,nan,nan,0
13172000,13172000,0.7025756,0.661825,0.7552239,0.60713565,nan,nan,nan,nan,nan,nan,nan,nan,0
13272000,13272000,0.7182443,0.67208415,0.7718344,0.6153759,nan,nan,nan,nan,nan,nan,nan,nan,0
13372000,13372000,0.7310504,0.68322885,0.78664875,0.625262,nan,nan,nan,nan,nan,nan,nan,nan,0
13472000,13472000,0.7451247,0.69337696,0.8011673,0.6361276,nan,nan,nan,nan,nan,nan,nan,nan,0
13576000,13576000,0.76034915,0.7020174,0.8177515,0.6441003,nan,nan,nan,nan,nan,nan,nan,nan,0
13672000,13672000,0.7740332,0.71286654,0.8318483,0.6519983,nan,nan,nan,nan,nan,nan,nan,nan,0
13772000,13772000,0.7871568,0.7236601,0.8447146,0.66168517,nan,nan,nan,nan,nan,nan,nan,nan,0
13872000,13872000,0.80116636,0.733378,0.86077034,0.6709145,nan,nan,nan,nan,nan,nan,nan,nan,0
13972000,13972000,0.813831,0.7436135,0.87485546,0.67932004,nan,nan,nan,nan,nan,nan,nan,nan,0
14072000,14072000,0.8285805,0.7531187,0.8893988,0.6907641,nan,nan,nan,nan,nan,nan,nan,nan,0
14172000,14172000,0.8426373,0.7629183,0.9051916,0.69806075,nan,nan,nan,nan,nan,nan,nan,nan,0
14276000,14276000,0.85611826,0.77459174,0.9212389,0.70649755,nan,nan,nan,nan,nan,nan,nan,nan,0
14376000,14376000,0.8702457,0.78413624,0.9332962,0.7180985,nan,nan,nan,nan,nan,nan,nan,nan,0
14476000,14476000,0.8883791,0.7839617,0.93662894,0.73231983,nan,nan,nan,nan,nan,nan,nan,nan,0
14576000,14576000,0.9139196,0.7759765,0.93567395,0.7491846,nan,nan,nan,nan,nan,nan,nan,nan,0
14676000,14676000,0.9365784,0.76499367,0.9310489,0.7711559,nan,nan,nan,nan,nan,nan,nan,nan,0
14772000,14772000,0.949783,0.7642425,0.9244949,0.80341655,nan,nan,nan,nan,nan,nan,nan,nan,0
14876000,14876000,0.95709956,0.77899414,0.9351047,0.80588025,nan,nan,nan,nan,nan,nan,nan,nan,0
14976000,14976000,0.96000224,0.78548986,0.94488424,0.8068685,nan,nan,nan,nan,nan,nan,nan,nan,0
15072000,15072000,0.95870346,0.7862547,0.95018363,0.8071251,nan,nan,nan,nan,nan,nan,nan,nan,0
15176000,15176000,0.9575486,0.7856204,0.9477776,0.80886525,nan,nan,nan,nan,nan,nan,nan,nan,0
15272000,15272000,0.95763606,0.7842279,0.9473491,0.80601835,nan,nan,nan,nan,nan,nan,nan,nan,0
15376000,15376000,0.9562576,0.78382397,0.9459455,0.8035581,nan,nan,nan,nan,nan,nan,nan,nan,0
15472000,15472000,0.95485115,0.78239435,0.9420314,0.80329067,nan,nan,nan,nan,nan,nan,nan,nan,0
15576000,15576000,0.95180637,0.7815247,0.9404015,0.8003053,nan,nan,nan,nan,nan,nan,nan,nan,0
15672000,15672000,0.95116735,0.7792449,0.938778,0.79855984,nan,nan,nan,nan,nan,nan,nan,nan,0
15772000,15772000,0.95181674,0.77741635,0.93603766,0.7967413,nan,nan,nan,nan,nan,nan,nan,nan,0
15872000,15872000,0.94778,0.77673525,0.9341422,0.795241,nan,nan,nan,nan,nan,nan,nan,nan,0
15972000,15972000,0.9468681,0.77609473,0.93144745,0.79454833,nan,nan,nan,nan,nan,nan,nan,nan,0
16072000,16072000,0.9466074,0.7745646,0.93278843,0.79069424,nan,nan,nan,nan,nan,nan,nan,nan,0
16172000,16172000,0.9438046,0.77422917,0.9306823,0.7919661,nan,nan,nan,nan,nan,nan,nan,nan,0
16272000,16272000,0.94336987,0.7732347,0.92832124,0.7902302,nan,nan,nan,nan,nan,nan,nan,nan,0
16376000,16376000,0.94179577,0.7721509,0.92641914,0.79134685,nan,nan,nan,nan,nan,nan,nan,nan,0
16476000,16476000,0.9431039,0.77096003,0.92666924,0.7895282,nan,nan,nan,nan,nan,nan,nan,nan,0
16576000,16576000,0.94223624,0.77128756,0.9271544,0.78869957,nan,nan,nan,nan,nan,nan,nan,nan,0
16672000,16672000,0.9410414,0.77125496,0.9245963,0.789086,nan,nan,nan,nan,nan,nan,nan,nan,0
16776000,16776000,0.93964124,0.770243,0.9243449,0.7881833,nan,nan,nan,nan,nan,nan,nan,nan,0
16872000,16872000,0.9408358,0.76887614,0.9242447,0.787695,nan,nan,nan,nan,nan,nan,nan,nan,0
16976000,16976000,0.94067174,0.7705862,0.9234238,0.7866251,nan,nan,nan,nan,nan,nan,nan,nan,0
17072000,17072000,0.9402744,0.76925117,0.92275405,0.78792334,nan,nan,nan,nan,nan,nan,nan,nan,0
17172000,17172000,0.9412588,0.7689511,0.92312366,0.785452,nan,nan,nan,nan,nan,nan,nan,nan,0
17276000,17276000,0.94004685,0.7688146,0.9236666,0.7865062,nan,nan,nan,nan,nan,nan,nan,nan,0
17376000,17376000,0.9403312,0.7685557,0.9239137,0.78636706,nan,nan,nan,nan,nan,nan,nan,nan,0
17476000,17476000,0.9397352,0.76863885,0.92307335,0.7861938,nan,nan,nan,nan,nan,nan,nan,nan,0
17576000,17576000,0.93864775,0.76808447,0.92130387,0.7867591,nan,nan,nan,nan,nan,nan,nan,nan,0
17676000,17676000,0.93935615,0.76773286,0.9229918,0.78502905,nan,nan,nan,nan,nan,nan,nan,nan,0
17776000,17776000,0.9393853,0.76842,0.9224077,0.7858301,nan,nan,nan,nan,nan,nan,nan,nan,0
17876000,17876000,0.9380196,0.7679864,0.92111725,0.78623664,nan,nan,nan,nan,nan,nan,nan,nan,0
17972000,17972000,0.9372976,0.7688903,0.9205977,0.78498167,nan,nan,nan,nan,nan,nan,nan,nan,0
18076000,18076000,0.9390523,0.7671562,0.9221595,0.78426045,nan,nan,nan,nan,nan,nan,nan,nan,0
18172000,18172000,0.9391043,0.76707083,0.9218727,0.7858764,nan,nan,nan,nan,nan,nan,nan,nan,0
18272000,18272000,0.93779254,0.7682124,0.92092186,0.7863754,nan,nan,nan,nan,nan,nan,nan,nan,0
18376000,18376000,0.93826056,0.76719254,0.9220126,0.78618336,nan,nan,nan,nan,nan,nan,nan,nan,0
18472000,18472000,0.9376075,0.7689926,0.9221751,0.786414,nan,nan,nan,nan,nan,nan,nan,nan,0
18576000,18576000,0.9399144,0.76849735,0.9226411,0.78698695,nan,nan,nan,nan,nan,nan,nan,nan,0
18676000,18676000,0.9388306,0.7686257,0.92236227,0.7872251,nan,nan,nan,nan,nan,nan,nan,nan,0
18776000,18776000,0.9396457,0.76748735,0.9239105,0.7847899,nan,nan,nan,nan,nan,nan,nan,nan,0
18876000,18876000,0.9384487,0.76912516,0.92269695,0.7862865,nan,nan,nan,nan,nan,nan,nan,nan,0
18976000,18976000,0.9401325,0.76789063,0.92376155,0.7855675,nan,nan,nan,nan,nan,nan,nan,nan,0
19076000,19076000,0.9389177,0.7680292,0.9216561,0.78721714,nan,nan,nan,nan,nan,nan,nan,nan,0
19176000,19176000,0.9393428,0.7677211,0.9226356,0.78567475,nan,nan,nan,nan,nan,nan,nan,nan,0
19276000,19276000,0.9375702,0.7690274,0.9229877,0.7864031,nan,nan,nan,nan,nan,nan,nan,nan,0
19376000,19376000,0.9369763,0.7693753,0.9238446,0.787166,nan,nan,nan,nan,nan,nan,nan,nan,0
19476000,19476000,0.9391083,0.7680041,0.92223877,0.78683513,nan,nan,nan,nan,nan,nan,nan,nan,0
19576000,19576000,0.93858016,0.767938,0.92276335,0.7862444,nan,nan,nan,nan,nan,nan,nan,nan,0
19672000,19672000,0.9389103,0.7685382,0.92308635,0.7863868,nan,nan,nan,nan,nan,nan,nan,nan,0
19776000,19776000,0.938934,0.7685216,0.92427784,0.78639436,nan,nan,nan,nan,nan,nan,nan,nan,0
19876000,19876000,0.93639684,0.7698533,0.9213589,0.787276,nan,nan,nan,nan,nan,nan,nan,nan,0
19976000,19976000,0.9381986,0.7666301,0.92273945,0.7841745,nan,nan,nan,nan,nan,nan,nan,nan,0
20076000,20076000,0.93720704,0.76828194,0.92248803,0.78479326,nan,nan,nan,nan,nan,nan,nan,nan,0
20172000,20172000,0.93831795,0.76764333,0.9233543,0.7850952,nan,nan,nan,nan,nan,nan,nan,nan,0
20272000,20272000,0.9378979,0.76759917,0.9217276,0.786356,nan,nan,nan,nan,nan,nan,nan,nan,0
20376000,20376000,0.93778366,0.76710397,0.9226675,0.785723,nan,nan,nan,nan,nan,nan,nan,nan,0
20476000,20476000,0.93779933,0.7673422,0.923151,0.7858627,nan,nan,nan,nan,nan,nan,nan,nan,0
20576000,20576000,0.93734366,0.7682215,0.92360204,0.7868842,nan,nan,nan,nan,nan,nan,nan,nan,0
20676000,20676000,0.9371501,0.76822215,0.92285097,0.7869684,nan,nan,nan,nan,nan,nan,nan,nan,0
20776000,20776000,0.93742937,0.76754653,0.9221229,0.7860513,nan,nan,nan,nan,nan,nan,nan,nan,0
20876000,20876000,0.937931,0.76864314,0.9235986,0.78602123,nan,nan,nan,nan,nan,nan,nan,nan,0
20976000,20976000,0.938182,0.76828784,0.9240509,0.7881909,nan,nan,nan,nan,nan,nan,nan,nan,0
21076000,21076000,0.9379745,0.7680711,0.92316014,0.7866103,nan,nan,nan,nan,nan,nan,nan,nan,0
21176000,21176000,0.9380987,0.76846117,0.92171013,0.78682196,nan,nan,nan,nan,nan,nan,nan,nan,0
21276000,21276000,0.9391706,0.76755047,0.92302907,0.7855052,nan,nan,nan,nan,nan,nan,nan,nan,0
21376000,21376000,0.93973416,0.76755834,0.92413557,0.7864503,nan,nan,nan,nan,nan,nan,nan,nan,0
21476000,21476000,0.93838817,0.76930237,0.9226049,0.7861412,nan,nan,nan,nan,nan,nan,nan,nan,0
21576000,21576000,0.9384242,0.76826125,0.9225636,0.785795,nan,nan,nan,nan,nan,nan,nan,nan,0
21676000,21676000,0.93852425,0.7682356,0.92369217,0.7865542,nan,nan,nan,nan,nan,nan,nan,nan,0
21776000,21776000,0.93948036,0.7685868,0.9246402,0.78658986,nan,nan,nan,nan,nan,nan,nan,nan,0
21876000,21876000,0.93858683,0.76836365,0.9229945,0.78788954,nan,nan,nan,nan,nan,nan,nan,nan,0
21976000,21976000,0.93939,0.7677602,0.9236386,0.7864206,nan,nan,nan,nan,nan,nan,nan,nan,0
22076000,22076000,0.9392035,0.7693527,0.9229599,0.7875112,nan,nan,nan,nan,nan,nan,nan,nan,0
22176000,22176000,0.9389265,0.7694847,0.9235865,0.7882999,nan,nan,nan,nan,nan,nan,nan,nan,0
22276000,22276000,0.9393709,0.7696612,0.9233815,0.78762347,nan,nan,nan,nan,nan,nan,nan,nan,0
22376000,22376000,0.93853885,0.7693742,0.9245351,0.78822,nan,nan,nan,nan,nan,nan,nan,nan,0
22472000,22472000,0.94012815,0.7695484,0.9240418,0.7869121,nan,nan,nan,nan,nan,nan,nan,nan,0
22576000,22576000,0.9398562,0.7701874,0.924953,0.7881988,nan,nan,nan,nan,nan,nan,nan,nan,0
22676000,22676000,0.9425131,0.7697041,0.92456096,0.7874498,nan,nan,nan,nan,nan,nan,nan,nan,0
22776000,22776000,0.9408315,0.77081335,0.9245401,0.7882261,nan,nan,nan,nan,nan,nan,nan,nan,0
22876000,22876000,0.9407171,0.7705482,0.9256249,0.78839844,nan,nan,nan,nan,nan,nan,nan,nan,0
22976000,22976000,0.94033647,0.7707719,0.9253481,0.7892816,nan,nan,nan,nan,nan,nan,nan,nan,0
23076000,23076000,0.9405235,0.76831216,0.9247105,0.7867691,nan,nan,nan,nan,nan,nan,nan,nan,0
23176000,23176000,0.9396699,0.7681536,0.9232764,0.7866428,nan,nan,nan,nan,nan,nan,nan,nan,0
23276000,23276000,0.9399086,0.76811516,0.92456096,0.78642374,nan,nan,nan,nan,nan,nan,nan,nan,0
23376000,23376000,0.93954164,0.7693744,0.9233371,0.7872229,nan,nan,nan,nan,nan,nan,nan,nan,0
23476000,23476000,0.9385906,0.7688014,0.9222742,0.7868306,nan,nan,nan,nan,nan,nan,nan,nan,0
23576000,23576000,0.94114375,0.89975625,0.9283997,0.91730744,nan,nan,nan,nan,nan,nan,nan,nan,0
23676000,23676000,0.99905324,0.7705789,0.98044366,0.7935562,nan,nan,nan,nan,nan,nan,nan,nan,0
23776000,23776000,0.9995333,0.7734823,0.9744627,0.800706,nan,nan,nan,nan,nan,nan,nan,nan,0
23876000,23876000,0.9759366,0.7889548,0.95844054,0.8111739,nan,nan,nan,nan,nan,nan,nan,nan,0
23976000,23976000,0.9620868,0.79565257,0.9490352,0.8178874,nan,nan,nan,nan,nan,nan,nan,nan,0
24076000,24076000,0.96639705,0.7995601,0.9531283,0.8194349,nan,nan,nan,nan,nan,nan,nan,nan,0
24176000,24176000,0.97139245,0.7988157,0.9603181,0.81970423,nan,nan,nan,nan,nan,nan,nan,nan,0
24276000,24276000,0.97792655,0.79954153,0.96058726,0.8226212,nan,nan,nan,nan,nan,nan,nan,nan,0
24376000,24376000,0.973686,0.79958147,0.9599405,0.81993747,nan,nan,nan,nan,nan,nan,nan,nan,0
24476000,24476000,0.9733882,0.800071,0.9595469,0.81943095,nan,nan,nan,nan,nan,nan,nan,nan,0
24576000,24576000,0.9814577,0.7921499,0.95649904,0.8167855,nan,nan,nan,nan,nan,nan,nan,nan,0
24676000,24676000,0.9578998,0.78850865,0.940729,0.81026495,nan,nan,nan,nan,nan,nan,nan,nan,0
24776000,24776000,1.0,0.8345179,0.8747607,0.7365975,nan,nan,nan,nan,nan,nan,nan,nan,0
24876000,24876000,0.9525519,0.7707379,0.94272345,0.7933221,nan,nan,nan,nan,nan,nan,nan,nan,0
24976000,24976000,0.9434055,0.7447409,0.9637966,0.81137437,nan,nan,nan,nan,nan,nan,nan,nan,0
25076000,25076000,0.92714834,0.7538798,0.9498095,0.81334406,nan,nan,nan,nan,nan,nan,nan,nan,0
25176000,25176000,0.9311664,0.76111746,0.93474483,0.80350584,nan,nan,nan,nan,nan,nan,nan,nan,0
25276000,25276000,0.9365646,0.7666815,0.9240234,0.791579,nan,nan,nan,nan,nan,nan,nan,nan,0
25376000,25376000,0.9347122,0.7669097,0.9159283,0.7834248,nan,nan,nan,nan,nan,nan,nan,nan,0
25476000,25476000,0.9349566,0.75680757,0.914268,0.7733695,nan,nan,nan,nan,nan,nan,nan,nan,0
25576000,25576000,0.9239215,0.7529075,0.904747,0.7697912,nan,nan,nan,nan,nan,nan,nan,nan,0
25676000,25676000,0.9181806,0.7457429,0.8941156,0.7617238,nan,nan,nan,nan,nan,nan,nan,nan,0
25776000,25776000,0.90888065,0.74363136,0.8823983,0.75512826,nan,nan,nan,nan,nan,nan,nan,nan,0
25876000,25876000,0.90280735,0.73454255,0.8779906,0.74262506,nan,nan,nan,nan,nan,nan,nan,nan,0
25976000,25976000,0.896348,0.71707475,0.86589646,0.7302171,nan,nan,nan,nan,nan,nan,nan,nan,0
26072000,26072000,0.89710176,0.7263517,0.8648138,0.73560566,nan,nan,nan,nan,nan,nan,nan,nan,0
26176000,26176000,0.90289193,0.72407305,0.8660057,0.7308302,nan,nan,nan,nan,nan,nan,nan,nan,0
26276000,26276000,0.9153981,0.72322357,0.87751245,0.7290839,nan,nan,nan,nan,nan,nan,nan,nan,0
26376000,26376000,0.940984,0.74034506,0.89628047,0.75327754,nan,nan,nan,nan,nan,nan,nan,nan,0
26476000,26476000,0.96482176,0.7521818,0.91369116,0.7668685,nan,nan,nan,nan,nan,nan,nan,nan,0
26576000,26576000,0.9782822,0.76905197,0.93654746,0.7822923,nan,nan,nan,nan,nan,nan,nan,nan,0
26676000,26676000,0.9897118,0.78386045,0.9554518,0.79797137,nan,nan,nan,nan,nan,nan,nan,nan,0
26776000,26776000,1.0,0.79319817,0.9682213,0.81163216,nan,nan,nan,nan,nan,nan,nan,nan,0
26876000,26876000,1.0,0.79573125,0.97158504,0.81637377,nan,nan,nan,nan,nan,nan,nan,nan,0
26976000,26976000,1.0,0.800147,0.9736764,0.823563,nan,nan,nan,nan,nan,nan,nan,nan,0
27076000,27076000,0.99935216,0.8103627,0.9785207,0.83418286,nan,nan,nan,nan,nan,nan,nan,nan,0
27176000,27176000,0.99793535,0.80311,0.9791675,0.8314028,nan,nan,nan,nan,nan,nan,nan,nan,0
27276000,27276000,0.99817646,0.807024,0.9831945,0.83041865,nan,nan,nan,nan,nan,nan,nan,nan,0
27372000,27372000,0.99804056,0.80106276,0.98263896,0.8255039,nan,nan,nan,nan,nan,nan,nan,nan,0
27472000,27472000,0.9713622,0.79144603,0.96016926,0.8186404,nan,nan,nan,nan,nan,nan,nan,nan,0
27576000,27576000,0.9536087,0.7818505,0.94795847,0.80459464,nan,nan,nan,nan,nan,nan,nan,nan,0
27676000,27676000,0.9515419,0.7810158,0.9455195,0.8020997,nan,nan,nan,nan,nan,nan,nan,nan,0
27776000,27776000,0.95708,0.7809635,0.9464453,0.79926896,nan,nan,nan,nan,nan,nan,nan,nan,0
27876000,27876000,0.9604422,0.77727604,0.94642615,0.80166805,nan,nan,nan,nan,nan,nan,nan,nan,0
27976000,27976000,0.96094304,0.78126544,0.95054746,0.80500174,nan,nan,nan,nan,nan,nan,nan,nan,0
28076000,28076000,0.96632373,0.78268814,0.9550936,0.80440795,nan,nan,nan,nan,nan,nan,nan,nan,0
28176000,28176000,0.96680456,0.7854231,0.95552355,0.8062714,nan,nan,nan,nan,nan,nan,nan,nan,0
28272000,28272000,0.96283245,0.7848587,0.95140344,0.8100359,nan,nan,nan,nan,nan,nan,nan,nan,0
28376000,28376000,0.9584945,0.7809857,0.9516555,0.8053953,nan,nan,nan,nan,nan,nan,nan,nan,0
28476000,28476000,0.95591503,0.7772994,0.94741654,0.8004162,nan,nan,nan,nan,nan,nan,nan,nan,0
28576000,28576000,0.92135155,0.57691157,1.0,0.7239004,nan,nan,nan,nan,nan,nan,nan,nan,0
28676000,28676000,0.94261825,0.81986743,0.8203116,0.735188,nan,nan,nan,nan,nan,nan,nan,nan,0
28776000,28776000,0.9118023,0.82655466,0.7625223,0.6618856,nan,nan,nan,nan,nan,nan,nan,nan,0
28876000,28876000,0.8191633,0.68230164,0.8335496,0.7201731,nan,nan,nan,nan,nan,nan,nan,nan,0
28972000,28972000,0.78969485,0.62440443,0.8528393,0.7316052,nan,nan,nan,nan,nan,nan,nan,nan,0
29076000,29076000,0.8455896,0.67024773,0.8922091,0.76337844,nan,nan,nan,nan,nan,nan,nan,nan,0
29176000,29176000,0.8989433,0.7246113,0.92314196,0.7873076,nan,nan,nan,nan,nan,nan,nan,nan,0
29272000,29272000,0.93847656,0.77109885,0.9498862,0.7979835,nan,nan,nan,nan,nan,nan,nan,nan,0
29376000,29376000,0.98098105,0.7955568,0.9782075,0.8006178,nan,nan,nan,nan,nan,nan,nan,nan,0
29472000,29472000,0.9854527,0.7935068,0.9428411,0.8155262,nan,nan,nan,nan,nan,nan,nan,nan,0
29576000,29576000,0.9626481,0.80113626,0.92028785,0.82026017,nan,nan,nan,nan,nan,nan,nan,nan,0
29676000,29676000,0.9572556,0.79527307,0.9323579,0.80233943,nan,nan,nan,nan,nan,nan,nan,nan,0
29776000,29776000,0.95657676,0.78776497,0.93713343,0.79895186,nan,nan,nan,nan,nan,nan,nan,nan,0
29876000,29876000,0.95913327,0.77929425,0.94068545,0.7917418,nan,nan,nan,nan,nan,nan,nan,nan,0
29972000,29972000,0.95343626,0.7809025,0.934575,0.79672533,nan,nan,nan,nan,nan,nan,nan,nan,0
30076000,30076000,0.9526603,0.78109604,0.93505687,0.7962118,nan,nan,nan,nan,nan,nan,nan,nan,0
30172000,30172000,0.9522073,0.78087366,0.9312443,0.79728,nan,nan,nan,nan,nan,nan,nan,nan,0
30272000,30272000,0.95403486,0.77876663,0.934457,0.79420805,nan,nan,nan,nan,nan,nan,nan,nan,0
30372000,30372000,0.9487034,0.7776644,0.9314901,0.79416746,nan,nan,nan,nan,nan,nan,nan,nan,0
30472000,30472000,0.9513195,0.77819926,0.9340235,0.7979305,nan,nan,nan,nan,nan,nan,nan,nan,0
30572000,30572000,0.9504879,0.7803039,0.9318508,0.79734504,nan,nan,nan,nan,nan,nan,nan,nan,0
30676000,30676000,0.9514952,0.7796086,0.93426764,0.79559135,nan,nan,nan,nan,nan,nan,nan,nan,0
30772000,30772000,0.9484455,0.7752253,0.9325438,0.79396117,nan,nan,nan,nan,nan,nan,nan,nan,0
30876000,30876000,0.9493827,0.7799494,0.9334759,0.7967485,nan,nan,nan,nan,nan,nan,nan,nan,0
30976000,30976000,0.7623312,0.55908936,0.7211718,0.5989379,nan,nan,nan,nan,nan,nan,nan,nan,0
31076000,31076000,0.7391321,0.541223,0.7098234,0.5711952,nan,nan,nan,nan,nan,nan,nan,nan,0
31176000,31176000,0.7192811,0.5215804,0.6915782,0.5473622,nan,nan,nan,nan,nan,nan,nan,nan,0
31276000,31276000,0.6981244,0.50194305,0.6716046,0.5236723,nan,nan,nan,nan,nan,nan,nan,nan,0
31376000,31376000,0.6735482,0.4751159,0.6506906,0.49528152,nan,nan,nan,nan,nan,nan,nan,nan,0
31472000,31472000,0.6461165,0.44730476,0.62389785,0.46613163,nan,nan,nan,nan,nan,nan,nan,nan,0
31576000,31576000,0.6149086,0.41448927,0.5917302,0.43227655,nan,nan,nan,nan,nan,nan,nan,nan,0
31676000,31676000,0.5860152,0.38343146,0.5635847,0.39826882,nan,nan,nan,nan,nan,nan,nan,nan,0
31776000,31776000,0.5523378,0.3492005,0.5320482,0.36388916,nan,nan,nan,nan,nan,nan,nan,nan,0
31876000,31876000,0.51896757,0.3129755,0.49952996,0.32765055,nan,nan,nan,nan,nan,nan,nan,nan,0
31976000,31976000,0.4823132,0.2737977,0.46165055,0.28725228,nan,nan,nan,nan,nan,nan,nan,nan,0
32072000,32072000,0.44698012,0.23748475,0.42659456,0.2511338,nan,nan,nan,nan,nan,nan,nan,nan,0
32172000,32172000,0.22353831,0.017733227,0.22300267,0.01572575,nan,nan,nan,nan,nan,nan,nan,nan,0
32272000,32272000,0.22435717,0.017230486,0.22399054,0.014421755,nan,nan,nan,nan,nan,nan,nan,nan,0
32376000,32376000,0.22548242,0.01612152,0.2283913,0.010004716,nan,nan,nan,nan,nan,nan,nan,nan,0
32476000,32476000,0.2249116,0.016663142,0.22789931,0.010525905,nan,nan,nan,nan,nan,nan,nan,nan,0
32576000,32576000,0.22456743,0.015891176,0.22973017,0.009811182,nan,nan,nan,nan,nan,nan,nan,nan,0
32672000,32672000,0.22515137,0.015621008,0.2294408,0.009786783,nan,nan,nan,nan,nan,nan,nan,nan,0
32776000,32776000,0.0020000078,0.0,0.0020000078,0.0,nan,nan,nan,nan,nan,nan,nan,nan,0
32876000,32876000,0.0020000078,0.0,0.0020000078,0.0,nan,nan,nan,nan,nan,nan,nan,nan,0
32976000,32976000,0.0020000115,0.0,0.0019999966,0.0,nan,nan,nan,nan,nan,nan,nan,nan,0
33072000,33072000,0.0020000024,1.4901161e-08,0.001999991,0.0,nan,nan,nan,nan,nan,nan,nan,nan,0
33176000,33176000,0.0020000022,1.4901161e-08,0.001999991,0.0,nan,nan,nan,nan,nan,nan,nan,nan,0
33276000,33276000,0.0020000024,1.4901161e-08,0.001999991,0.0,nan,nan,nan,nan,nan,nan,nan,nan,0
33376000,33376000,0.002000004,0.0,0.002000004,0.0,nan,nan,nan,nan,nan,nan,nan,nan,0
33476000,33476000,0.002000004,0.0,0.002000004,0.0,nan,nan,nan,nan,nan,nan,nan,nan,0
33576000,33576000,0.0019999966,0.0,0.0020000115,0.0,nan,nan,nan,nan,nan,nan,nan,nan,0
33676000,33676000,0.0020000078,0.0,0.0020000078,0.0,nan,nan,nan,nan,nan,nan,nan,nan,0
33776000,33776000,0.002000004,0.0,0.002000004,0.0,nan,nan,nan,nan,nan,nan,nan,nan,0
33876000,33876000,0.002000004,0.0,0.002000004,0.0,nan,nan,nan,nan,nan,nan,nan,nan,0
33976000,33976000,0.002000004,0.0,0.002000004,0.0,nan,nan,nan,nan,nan,nan,nan,nan,0
34076000,34076000,0.0020000022,1.4901161e-08,0.0019999908,0.0,nan,nan,nan,nan,nan,nan,nan,nan,0
34176000,34176000,0.002000004,0.0,0.002000004,0.0,nan,nan,nan,nan,nan,nan,nan,nan,0
34276000,34276000,0.0020000078,0.0,0.0020000078,0.0,nan,nan,nan,nan,nan,nan,nan,nan,0
34376000,34376000,0.0020000022,1.4901161e-08,0.001999991,0.0,nan,nan,nan,nan,nan,nan,nan,nan,0
34476000,34476000,0.001999991,0.0,0.0020000022,1.4901161e-08,nan,nan,nan,nan,nan,nan,nan,nan,0
34576000,34576000,0.0020000022,1.4901161e-08,0.001999991,0.0,nan,nan,nan,nan,nan,nan,nan,nan,0
34676000,34676000,0.0019999966,0.0,0.0020000115,0.0,nan,nan,nan,nan,nan,nan,nan,nan,0
34776000,34776000,0.0019999994,0.0,0.0019999994,1.8626451e-09,nan,nan,nan,nan,nan,nan,nan,nan,0
34876000,34876000,0.0019999994,0.0,0.0019999994,0.0,nan,nan,nan,nan,nan,nan,nan,nan,0
34976000,34976000,0.0019999985,0.0,0.0020000022,0.0,nan,nan,nan,nan,nan,nan,nan,nan,0
35076000,35076000,0.0019999994,0.0,0.0020000013,0.0,nan,nan,nan,nan,nan,nan,nan,nan,0
35176000,35176000,0.0019999961,0.0,0.0020000008,1.8626451e-09,nan,nan,nan,nan,nan,nan,nan,nan,0
35276000,35276000,0.0019999999,1.8626451e-09,0.001999999,0.0,nan,nan,nan,nan,nan,nan,nan,nan,0
35376000,35376000,0.0019999994,0.0,0.0020000013,0.0,nan,nan,nan,nan,nan,nan,nan,nan,0
35476000,35476000,0.0019999994,0.0,0.0019999994,0.0,nan,nan,nan,nan,nan,nan,nan,nan,0
35576000,35576000,0.0020000027,1.8626451e-09,0.001999998,0.0,nan,nan,nan,nan,nan,nan,nan,nan,0
35676000,35676000,0.0019999994,0.0,0.0020000013,0.0,nan,nan,nan,nan,nan,nan,nan,nan,0
